id,capture_id,settlement_batch_id,amount_usd,is_partial,reason,status,initiated_by,requested_at,processed_at
9ae71d53-a25d-4509-ae1d-32137bab1143,e3573e7d-9fa1-40c7-9e0a-be86e05779f0,c4b81532-3743-454e-a09c-1c87fdb01c6d,137.49,True,duplicate_charge,processed,merchant,2025-01-24 06:24:45 UTC,2025-01-24 07:24:45 UTC
e830f889-5456-4b44-be23-fbc75c59a7a5,373c283f-3762-4749-bba9-a09994c1ceb3,09455c06-6081-4f91-a8b3-db6fe44c41ed,197.37,False,product_not_received,processed,merchant,2025-02-17 22:10:01 UTC,2025-02-18 14:10:01 UTC
b503051c-2acd-4329-af41-b0c24e9b4cf3,11b9d289-2fd5-4b83-92e5-7d642ef1f1be,65d201b4-93fb-4146-8171-52921877ad81,136.86,True,customer_request,processed,merchant,2025-01-20 10:21:23 UTC,2025-01-21 21:21:23 UTC
115bd6cb-a76e-496b-982c-2d7703859ff2,e72526fe-7301-4caa-9f15-c92913fd5ae0,ff8a2ffd-f70c-4dd2-a4ae-bce91999980f,21.72,False,product_not_received,processed,customer,2025-02-08 21:19:44 UTC,2025-02-09 18:19:44 UTC
61d68dec-219a-469c-bd71-51162dafeaa5,26152711-8eaf-4601-b3b3-052c666a573c,2814c54a-ff07-438e-b30c-de7880a602a1,365.07,False,duplicate_charge,processed,merchant,2025-01-29 15:02:21 UTC,2025-01-31 13:02:21 UTC
7fab6f77-ed36-4bf7-b478-85a5cc529a6f,51641932-2eaa-4d36-91ea-d29ade102d7b,496cedb0-cf63-4514-9122-a6e550a6ef33,132.29,False,product_not_received,processed,customer,2025-02-07 07:16:49 UTC,2025-02-07 23:16:49 UTC
801b9dfa-81a6-4f5a-9fde-c621e0582942,93febead-71bb-400f-b843-12179afb4772,f5875a0a-f9e0-4311-8231-26f43a0d7a1b,228.78,False,product_not_received,processed,customer,2025-02-04 17:04:28 UTC,2025-02-06 01:04:28 UTC
fffd931e-8774-49da-a283-c8270c07cc36,9f8da461-3963-4242-80c3-21c0b5bdffd3,7cc05231-78f5-4abb-be6d-c86c7101d686,131.79,False,duplicate_charge,processed,customer,2025-01-21 14:14:49 UTC,2025-01-23 07:14:49 UTC
d0ca7671-2915-43cd-b6be-4fbaeb7ffc75,03524fe0-d833-4925-934a-20970e492aaa,e161722c-1af5-43f2-87f9-2d49c8f5f703,11.34,False,product_not_received,processed,customer,2025-01-17 18:12:44 UTC,2025-01-18 08:12:44 UTC
0aa8a65f-f840-4f28-b1ee-3cfc3780ddff,ae3274bb-c7d8-47bf-b2af-754a6d7176be,e24f6c1d-3202-48e7-9281-ae65a0f95749,452.17,False,product_not_received,processed,merchant,2025-01-16 04:07:01 UTC,2025-01-17 11:07:01 UTC
af6f5955-ce05-4d92-9aea-7d94881d9c92,3aa091b1-7178-4b98-aec8-31fca2357c71,76796170-e130-4d8a-b817-5bd459484728,76.78,True,customer_request,processed,merchant,2025-03-06 15:45:55 UTC,2025-03-08 03:45:55 UTC
aa70e3b9-8a01-42b4-b9db-1ff3d72caa75,f9b2a840-07cb-427b-ae95-6857fa8ee4ed,2e53a367-42f1-4458-b45d-d40303138c6e,212.9,True,duplicate_charge,processed,customer,2025-02-13 04:10:40 UTC,2025-02-13 10:10:40 UTC
762766a4-f618-4db2-8edc-9d908d62eb0d,9c51e950-6d72-450b-8028-fe0c9011ca39,cad4664a-88e1-4bf0-a86b-53847675c675,79.78,False,product_not_received,processed,customer,2025-01-25 21:59:22 UTC,2025-01-27 09:59:22 UTC
dcff3538-ffb4-4491-a1b9-9ef9b4bfe0aa,b5169128-58d1-4ebf-aff4-3a929bb24894,603f1dc5-6c69-4d30-9ec5-f31158147e4f,133.32,True,customer_request,processed,merchant,2025-02-15 10:37:13 UTC,2025-02-16 17:37:13 UTC
a3ba92a6-5044-4bc6-a506-9c821e36f48e,0c810814-09a6-4e64-8635-f58e1e608b19,463deca1-cb50-479f-9e6e-3589a1d53331,200.11,True,product_not_received,processed,customer,2025-02-19 05:22:19 UTC,2025-02-20 04:22:19 UTC
bf3882c1-3237-4dfd-b7c7-c5ed9f76d648,e75ff96e-d7be-4127-a81b-1f9a27d3ec16,71c9bbeb-535b-4523-a93f-e4fa21b004c8,198.04,True,customer_request,processed,merchant,2025-02-07 02:35:54 UTC,2025-02-08 22:35:54 UTC
fe157e6d-1d04-468d-9884-256b430764d8,09390d2d-6475-48cd-918f-60da7478a1c2,2814c54a-ff07-438e-b30c-de7880a602a1,252.36,False,customer_request,processed,merchant,2025-02-07 06:38:43 UTC,2025-02-08 10:38:43 UTC
dbdf2228-4c1a-4797-ba2b-abd05e28afea,8f0fd34d-c27d-42ba-86bb-fa2cee2d2e0f,b64a199d-69d7-4813-9214-d755fa1ffcf2,46.96,True,customer_request,processed,merchant,2025-03-08 08:23:34 UTC,2025-03-09 01:23:34 UTC
5be9291d-ff77-4309-ae57-abc3d3bb5908,10b7b809-d82f-48ab-ac60-4fe9aaef4bd2,2c4ea162-a001-45be-9c61-6e1f69c08ca0,49.76,False,customer_request,processed,merchant,2025-02-24 01:54:39 UTC,2025-02-24 04:54:39 UTC
04e90428-8cf7-4ccf-8530-ad5d0cfa5969,fb6ff6e6-b32e-4f75-8ef0-c8d3f4a00d38,04636b9b-ed0a-4c41-96da-e0495c931b6f,115.35,True,product_not_received,processed,customer,2025-02-25 14:51:35 UTC,2025-02-26 19:51:35 UTC
c368bf0d-e582-4f7b-8551-07ca6068149b,13981f81-e027-4e5a-a106-e12d08ea3110,492912ab-8521-408a-9a01-201ba2c569bd,185.73,False,customer_request,processed,customer,2025-02-13 23:11:03 UTC,2025-02-14 14:11:03 UTC
1d1db2ac-ea8d-406b-8232-8b1ac16076e4,1e287902-8991-448d-8bfd-65cc097ae59d,603f1dc5-6c69-4d30-9ec5-f31158147e4f,179.58,False,customer_request,processed,merchant,2025-02-21 16:56:23 UTC,2025-02-23 10:56:23 UTC
fae3456f-d763-4e20-b33b-9d105da95608,4219ffb1-274c-4497-b30f-05e0fe83efec,ff42f0ad-288b-4234-bf3f-51b3bf05443a,17.01,False,customer_request,processed,merchant,2025-02-26 13:26:47 UTC,2025-02-27 04:26:47 UTC
7383a3a2-d039-4e3a-abf3-a84ae89c3ad5,31dc2922-ecc2-473a-9acc-0210a254d42a,80764601-6009-4ff1-98de-5bd292d4ef0c,261.47,True,product_not_received,processed,customer,2025-01-07 05:32:24 UTC,2025-01-08 10:32:24 UTC
e8901bd7-374b-4d84-a8d7-5779096c0a27,79349845-e4e9-40c3-b459-5b627abc33da,293641e9-4c0c-435f-9723-eb292fa6ffe0,16.65,False,customer_request,processed,customer,2025-02-03 15:14:14 UTC,2025-02-05 09:14:14 UTC
ca3904e8-6bdc-46ac-918c-1db3cbcdb3d4,8f356e9f-9618-44df-b30c-6a19f6a5160c,4850390f-2722-4a4f-b767-1a34fa6b1705,23.68,False,customer_request,processed,merchant,2025-01-28 11:39:28 UTC,2025-01-30 11:39:28 UTC
5ab6290d-7778-4581-892d-d0963400e568,47b5e795-4a72-4d52-aad7-d4b357007ed2,70bb7392-5c58-49c8-a094-1129d4eb9a31,389.63,False,customer_request,processed,customer,2025-02-02 19:12:01 UTC,2025-02-04 01:12:01 UTC
2b9b8654-7110-4986-be04-3614b2333df9,323de825-5e3c-49a5-8d0c-3491b9cd6a70,76023f5e-87e8-4006-926e-f0d8333aaa0d,131.36,True,duplicate_charge,processed,merchant,2025-02-09 19:27:57 UTC,2025-02-11 06:27:57 UTC
034101c2-091b-43e7-8e7c-47b78b8bf93d,cf83cf5f-44d1-4f48-930c-2ffad47115ab,463deca1-cb50-479f-9e6e-3589a1d53331,40.56,True,product_not_received,processed,merchant,2025-02-26 01:00:31 UTC,2025-02-26 15:00:31 UTC
88b24ab8-5f27-45dd-a031-b2a7f27e08e7,5b310d69-8fd0-4007-a6e4-6c90407d31e7,134045c2-a676-4834-b3df-2f91d43d244e,78.59,True,customer_request,processed,merchant,2025-01-24 18:13:29 UTC,2025-01-25 02:13:29 UTC
4e2c11b8-f6da-4077-94d1-e063aca29407,7136dd07-c69a-4198-8db0-61e92646e8b0,b48d372f-0711-458a-a01a-0af5d01da677,223.01,False,duplicate_charge,processed,merchant,2025-01-13 02:43:33 UTC,2025-01-14 16:43:33 UTC
4abfd669-bb27-4540-9247-26220bb6561f,f5a4118c-cac5-435b-96ed-b6b761a33d6f,f5875a0a-f9e0-4311-8231-26f43a0d7a1b,47.68,False,product_not_received,processed,merchant,2025-02-06 22:20:41 UTC,2025-02-08 07:20:41 UTC
74862ac6-4414-4b34-8e64-799ec4bb5241,161311f3-8a33-474c-bde8-761e4ce2b28e,b9cb5205-ab72-4a07-91b8-185ae9fb40ec,27.76,False,product_not_received,processed,merchant,2025-01-08 12:46:09 UTC,2025-01-10 03:46:09 UTC
95509888-c7ac-481e-a1a7-874d0a76c41e,975dd98e-c2c4-47c7-9148-d9f170698182,5cde2be2-aa46-4c55-8302-01b7c865ba6b,12.11,False,customer_request,processed,customer,2025-01-14 17:38:35 UTC,2025-01-15 05:38:35 UTC
5f318b28-6749-4330-a6fa-8118f10e4d41,6e7ac7e0-83bd-4353-9ac5-d357457d7fcc,9080ebc7-319e-4af5-abb0-290ebe946b1e,149.56,False,customer_request,processed,merchant,2025-02-14 11:19:15 UTC,2025-02-16 01:19:15 UTC
cccb8769-3222-4d0b-8c93-3f262963b194,5dd8fed2-8472-4933-aec1-77e97fac9801,f6500a15-a66a-4907-a461-378ebb5eaa48,253.68,False,product_not_received,processed,merchant,2025-01-26 01:10:50 UTC,2025-01-26 05:10:50 UTC
cca1de83-86f7-4926-a568-e5c169556f0d,e0492bf7-63a5-4f03-8544-43da685ed4ca,c477c284-c686-486d-bce6-3c9ececaf51b,374.66,False,customer_request,processed,customer,2025-01-26 17:21:50 UTC,2025-01-27 11:21:50 UTC
de282768-77e0-43e2-ac54-ccfaba84350a,941fe5af-acc2-4f98-a7a3-b94dda5e1900,45a66bc2-55f2-4522-b2d1-8119b4d5022f,235.53,False,duplicate_charge,processed,customer,2025-01-15 00:32:00 UTC,2025-01-16 19:32:00 UTC
5bf26761-1d29-41a7-8fa8-1fd896ac73f8,07d94c46-504f-4915-ae82-de4ce1d838da,d2efb161-2d1c-41ed-9b98-bdfcc791e9be,354.7,False,customer_request,processed,customer,2025-02-20 15:02:46 UTC,2025-02-21 03:02:46 UTC
9f9fe19a-371c-4209-b889-3c0c7049c0b0,884efceb-6fe8-4255-999b-f6b7023133a7,578370a2-074b-4432-8fff-336fd2ccb24c,379.24,False,customer_request,processed,merchant,2025-02-25 23:57:58 UTC,2025-02-27 21:57:58 UTC
7a39beea-37ad-4852-bfc9-6f6380477087,060bf50a-7384-45d9-8c73-406a5dbff849,2b486cd1-18da-4a35-8f2b-a109d6ba3ef1,310.8,True,customer_request,processed,customer,2025-02-12 06:27:48 UTC,2025-02-13 01:27:48 UTC
d8cb6a32-9d9f-4708-b0b6-2940cc1d5259,6c14b10e-9e17-497d-bac5-c4ec369e3730,0fb24b1f-7ab1-499f-bc19-cc1d315f3844,162.84,False,customer_request,processed,customer,2025-01-07 07:12:56 UTC,2025-01-07 14:12:56 UTC
5b2ac2f7-e5ff-4176-9637-c185e8be21e3,5c67ba27-03f6-41b6-b85a-bfe2b0c913d0,899f11f6-2893-408f-9164-bfbfeb6b346b,124.05,True,product_not_received,processed,customer,2025-01-25 07:34:30 UTC,2025-01-26 11:34:30 UTC
3735d419-0577-4143-96d1-088f2e71a926,df0e94d4-a3ee-4fa3-b3d9-218fb3dabc72,ae719922-3f37-4f0a-8777-a725a5b6b927,128.53,True,duplicate_charge,processed,merchant,2025-01-14 01:26:06 UTC,2025-01-15 14:26:06 UTC
eb209143-515d-4af1-bb09-d0ba83dfe943,680d1071-6fdb-4724-acf0-5a4ab3b3dafe,cfa54c24-60f9-47ba-989a-2158ace982a5,111.43,False,customer_request,processed,merchant,2025-02-05 03:47:00 UTC,2025-02-05 11:47:00 UTC
7fe1e9fa-20d1-4299-9508-605351269f0d,02e8a78c-a6e4-477e-a7ca-2f223a11ab9a,39cb90af-c775-451e-bac8-566a5aca19dc,58.68,False,customer_request,processed,customer,2025-01-27 12:42:48 UTC,2025-01-27 23:42:48 UTC
716539b2-7e28-498c-8024-321921795d3f,f3abaefb-d7a7-4980-a0b4-f5766c9c9427,cfa54c24-60f9-47ba-989a-2158ace982a5,6.12,True,product_not_received,processed,customer,2025-02-12 19:42:38 UTC,2025-02-14 19:42:38 UTC
795918e4-eec6-4726-8ff7-fe4c0243fa5f,8f02eade-ff60-4d59-8b05-53487a271ce4,23059fb4-6133-4982-a2bd-adacc6e876f3,3.77,False,customer_request,processed,merchant,2025-02-24 17:16:39 UTC,2025-02-24 19:16:39 UTC
2db6e13b-4607-4ef8-b391-4fd234249abf,0b662909-26dc-49a3-bf8c-9c6119f33cdc,5ddd51c3-e3aa-46e1-b453-07af2cebb843,64.6,True,customer_request,processed,merchant,2025-03-13 09:17:51 UTC,2025-03-13 18:17:51 UTC
6e8f0c1f-e65c-475c-af43-7817d80654d8,6f7361d0-cd8c-445a-82bc-ff9aa658f697,4656fb48-1293-4a82-8cd5-d931e5be7d29,183.01,False,customer_request,processed,merchant,2025-02-09 16:55:37 UTC,2025-02-09 17:55:37 UTC
fabc8e43-1775-45eb-a015-356205d873f1,d583267a-667a-46f6-a24d-eb7acd3c8374,2b486cd1-18da-4a35-8f2b-a109d6ba3ef1,305.28,True,customer_request,processed,customer,2025-02-07 03:55:19 UTC,2025-02-08 18:55:19 UTC
06788cc0-cdc7-4d85-a544-9b84d50d26bf,f64ca194-d7b8-4e7a-ae0e-49781ebfbd49,aefce01d-86fe-448f-b8d6-076ac1d3030d,162.57,False,customer_request,processed,merchant,2025-02-18 01:45:24 UTC,2025-02-19 05:45:24 UTC
9e197d49-fa56-4423-8b74-51aded3f3698,c7808b62-f440-4ce7-9688-1ece7c04da80,a53133dc-e189-40b3-891b-d89a3671fce4,59.61,False,duplicate_charge,processed,customer,2025-03-02 00:18:15 UTC,2025-03-02 13:18:15 UTC
a1bdf693-8eb0-4638-9a4a-5831708ed077,c92f7363-5121-4c83-b39c-6d33c0620679,2f273476-063f-4588-b1ae-01d9a96d9952,226.58,False,customer_request,processed,merchant,2025-02-23 18:35:58 UTC,2025-02-25 10:35:58 UTC
17e72232-2c21-4a7b-868c-b7cdf6e77861,5456b3fc-4b79-490a-8873-ddd244e6ae32,23059fb4-6133-4982-a2bd-adacc6e876f3,170.6,False,product_not_received,processed,merchant,2025-02-22 09:03:55 UTC,2025-02-23 14:03:55 UTC
bb7569cd-2044-4728-898b-fed68597341b,0c45241c-f039-4164-a6f3-e709a750eacf,a53133dc-e189-40b3-891b-d89a3671fce4,55.46,True,customer_request,processed,merchant,2025-03-10 15:04:07 UTC,2025-03-10 16:04:07 UTC
4396319e-49dd-4815-a07e-2bacc1be6d31,4aa2c4b0-5cc8-4380-ab9a-265910eb36b4,7cc05231-78f5-4abb-be6d-c86c7101d686,214.54,False,product_not_received,processed,customer,2025-01-29 20:58:10 UTC,2025-01-31 18:58:10 UTC
b4e30bd0-2fd7-4dca-a617-bdfef3c32edf,6a00b08a-8de7-4201-b191-16da0d7977d9,d0e743a5-9de6-4930-8d80-3ca078e96912,299.17,False,customer_request,processed,customer,2025-02-12 01:58:26 UTC,2025-02-13 19:58:26 UTC
b11cce8d-1c59-4ced-bbd9-dae2a25e20dc,51d82d32-5cc8-4f22-82a1-3b46ced5a97c,368e713c-5cc0-4cb8-a19c-c27d20d9fd7f,266.24,True,duplicate_charge,processed,merchant,2025-03-13 12:48:27 UTC,2025-03-13 19:48:27 UTC
6d4fa72a-e790-4845-ae53-696e762366e2,ca090e53-61e9-4eae-8202-93c58be742cf,1b505dd3-4164-46bb-bbe2-46baf532faf3,368.91,False,product_not_received,processed,merchant,2025-01-29 02:01:42 UTC,2025-01-29 03:01:42 UTC
1471788e-6b82-415b-a7d4-4ae9f0190de7,9a8839a2-90df-4b65-a833-1f1a18976a7e,e3d457bb-d896-47e6-a6f0-2b90ed9e0c1b,81.07,False,customer_request,processed,merchant,2025-02-23 17:42:54 UTC,2025-02-25 13:42:54 UTC
09e4bcb4-4c64-43ff-a4c9-a74a92316b1b,92f75416-e828-4166-9843-f9a09f98a147,7132f499-91e8-4a54-830e-730c3616d206,230.32,False,duplicate_charge,processed,customer,2025-01-15 14:22:15 UTC,2025-01-17 13:22:15 UTC
f453a68f-c267-4ca2-b11f-79f727fa43cf,f3cee760-4b23-45e4-a425-fc392f1adcd7,aefce01d-86fe-448f-b8d6-076ac1d3030d,210.6,False,customer_request,processed,merchant,2025-02-11 16:37:35 UTC,2025-02-13 02:37:35 UTC
cefb5b01-c2d2-4517-92a6-454e0a90e865,1a91fa7b-27f0-468d-9828-ad136b09a3ad,e4c122aa-0843-4829-a618-07c469c6e534,138.96,True,duplicate_charge,processed,merchant,2025-02-05 05:46:59 UTC,2025-02-05 08:46:59 UTC
e17cd798-7ef6-46fc-9c85-d3798bfa61a6,dad8f458-5ae0-48c3-ace3-33e063900b0a,54d1fd01-7c0e-4e01-9b78-dd2fed87f60f,12.08,False,duplicate_charge,processed,merchant,2025-01-30 12:42:43 UTC,2025-02-01 08:42:43 UTC
54ed9f28-305f-4c64-9fb5-7481779d4707,6729c7aa-aa1e-412f-97d5-eccf1b221c21,f6500a15-a66a-4907-a461-378ebb5eaa48,149.16,False,customer_request,processed,merchant,2025-01-31 08:27:33 UTC,2025-02-02 06:27:33 UTC
ce83cb88-9057-4519-b163-428d8ca65a18,66f72923-f06d-409e-88c0-c84f0c55f3e1,e3d457bb-d896-47e6-a6f0-2b90ed9e0c1b,116.02,True,product_not_received,processed,customer,2025-02-20 23:08:26 UTC,2025-02-21 09:08:26 UTC
677258dc-599c-497b-939f-413d275e6688,4640f237-6460-4327-915e-70924d1afc2a,71c9bbeb-535b-4523-a93f-e4fa21b004c8,71.12,False,duplicate_charge,processed,customer,2025-02-08 20:55:27 UTC,2025-02-09 13:55:27 UTC
29a7d5a5-4fe0-41e2-9796-035d6b6d355e,1f11e9c2-3e7f-4be9-bbed-f8fcf09b3b64,f6500a15-a66a-4907-a461-378ebb5eaa48,210.35,True,duplicate_charge,processed,merchant,2025-01-22 07:58:24 UTC,2025-01-24 03:58:24 UTC
5e747a6a-1b17-42b6-b591-b9fe27a7408b,ea2f083e-a77a-4712-9e86-8ee2179985b8,6e9a9fa6-16c4-44fb-bd44-c8d8199b5c46,242.02,False,product_not_received,processed,customer,2025-02-03 12:18:53 UTC,2025-02-03 20:18:53 UTC
465fb487-6bd9-45cb-8ac6-f1b74c447eda,21e28453-8404-4d86-81df-672a1c7347ee,293641e9-4c0c-435f-9723-eb292fa6ffe0,355.04,True,duplicate_charge,processed,customer,2025-02-02 18:56:59 UTC,2025-02-03 20:56:59 UTC
b53b9b9a-c5f9-405d-895b-8365e5c4be40,c267a4be-e051-422d-82fb-4afd2f337d6d,f61c6cbb-355f-4588-983e-4f2fedb9e470,231.47,True,customer_request,processed,merchant,2025-02-17 05:19:09 UTC,2025-02-17 10:19:09 UTC
eaf51430-5c41-49af-947a-ad42ee76f80c,dc0c1c81-98fc-405e-8840-51acd9cb1a9c,6f092939-d01c-4a91-b714-0966e1285797,19.31,False,customer_request,processed,merchant,2025-02-05 15:34:42 UTC,2025-02-07 14:34:42 UTC
86f72978-e9ea-4d45-8030-f32766a43602,5df7e457-3739-4a6c-8490-c5ace432d5f7,437e1ec2-b5be-4693-b4cb-dd223c2fbb6b,9.63,False,duplicate_charge,processed,customer,2025-01-26 09:11:42 UTC,2025-01-27 15:11:42 UTC
685c1e3e-fd1e-465d-ac75-bfface639da2,694ca12a-7d7d-4602-bda9-7086079a59bc,e161722c-1af5-43f2-87f9-2d49c8f5f703,19.15,True,duplicate_charge,processed,merchant,2025-01-19 08:23:15 UTC,2025-01-20 14:23:15 UTC
0892376e-c421-488e-b122-a08426c87d3a,c9ed37b5-ded0-4def-b5ec-8477a1fdc204,52efa62e-b549-4cc7-b04b-3beb6b4e70ba,93.36,True,duplicate_charge,processed,customer,2025-03-04 21:41:38 UTC,2025-03-05 21:41:38 UTC
8205b794-196a-4f77-b4ea-df3c87132073,eb24a4ff-ea26-4c0a-a7f3-3bf5ffac1f12,26436798-ab40-4935-b07c-febc6a962776,282.56,False,customer_request,processed,customer,2025-02-17 20:51:40 UTC,2025-02-19 03:51:40 UTC
8a4085d5-8804-4f4a-9f18-163a147dd7ee,d32fa198-2a45-4143-bcc1-e8d72e56769a,2a9776a0-2a6f-4768-befb-f166bbfdf670,176.2,False,product_not_received,processed,customer,2025-02-07 07:23:03 UTC,2025-02-07 15:23:03 UTC
0c893486-a0c0-43e9-9926-44d1aab98e04,3a699a34-f7bb-4706-b92c-e54943d7ebe5,6e311e4d-2b27-40b0-aa39-ae702ebdb519,230.13,False,duplicate_charge,processed,merchant,2025-01-27 13:12:20 UTC,2025-01-27 17:12:20 UTC
6f710e72-f79e-4ac6-a7fb-74b5d82557dc,0db5d813-dfe9-4e4b-858f-d188aa9b1c9b,ef2b0b31-75d0-4403-a0d4-9a197ae84964,174.97,False,product_not_received,processed,customer,2025-02-26 02:30:33 UTC,2025-02-26 18:30:33 UTC
a931efde-ed07-48fa-bd52-cc63e00f3d79,45cca90f-9010-475c-92ca-0929a4a77f97,b6bf8019-f109-4acb-96f3-3bab622dd241,155.45,False,customer_request,processed,customer,2025-02-02 20:39:16 UTC,2025-02-04 11:39:16 UTC
4451a699-ba6b-4ba7-b802-ad2becc4fb04,4d11cf1b-b784-452d-9741-622a1a07e200,7c7b2cc8-c25d-430b-8b7f-a44248d82d8a,133.52,False,product_not_received,processed,merchant,2025-02-04 23:29:53 UTC,2025-02-06 18:29:53 UTC
10f6081f-def7-408f-9e9d-0e0ce3508a6f,4bc1227a-bfaf-4846-b347-c7ee6d36d6ba,f533dec6-cc95-4649-9370-1cd757fb5597,394.25,False,customer_request,processed,customer,2025-02-23 18:03:29 UTC,2025-02-23 21:03:29 UTC
24bb6ff1-b923-454a-ae33-0f967a525e35,90ab7321-68af-49e8-a35a-5453fcc44792,efb93144-ca48-428b-9745-112aa74d82a5,50.16,True,product_not_received,processed,merchant,2025-03-02 13:38:36 UTC,2025-03-03 19:38:36 UTC
f9e49d4d-d848-4853-b3b3-a81b2f742865,b4599672-1b16-426c-9c80-35e6fde66ab7,471f73ed-d6f3-426d-99c5-4d126721e788,264.57,False,duplicate_charge,processed,merchant,2025-02-28 04:26:32 UTC,2025-03-01 00:26:32 UTC
fb2fba47-da0d-48de-a561-b39749e6bec3,74631e11-0ca9-41fc-93a4-54adfd23d2f0,2f273476-063f-4588-b1ae-01d9a96d9952,187.74,False,product_not_received,processed,merchant,2025-03-01 15:50:16 UTC,2025-03-02 10:50:16 UTC
e8f50b5f-bead-45c6-90a7-d7e70ca3a246,0c0b6579-21e1-4be7-b220-5c2323dc5bbc,a8d9b4f9-014f-462b-86e4-4bb0a654d714,248.46,False,duplicate_charge,processed,customer,2025-02-05 03:02:21 UTC,2025-02-07 00:02:21 UTC
46f2df53-eebc-4093-a9ed-6b9065c2a396,21b62f28-d334-41ac-9af7-0e2bf89b4f93,bc83cd51-8c3c-4e24-91f7-0d239cb7cc42,151.86,False,duplicate_charge,processed,merchant,2025-02-14 17:24:01 UTC,2025-02-15 05:24:01 UTC
26ff5254-e879-4f85-b68f-80aadbdab454,2852dea0-7416-4dcf-8cbf-e79b3130dba1,7132f499-91e8-4a54-830e-730c3616d206,345.48,False,product_not_received,processed,merchant,2025-01-15 22:10:38 UTC,2025-01-16 15:10:38 UTC
9f2106c1-0bb4-4eee-9170-aae8fd62b11b,e435d931-669f-4f2b-9797-21db0257e4c4,2f273476-063f-4588-b1ae-01d9a96d9952,404.51,False,product_not_received,processed,merchant,2025-02-18 02:17:54 UTC,2025-02-19 18:17:54 UTC
83d44c2f-905f-45bb-a3f7-ed6886c65d60,b012c0a3-21ee-457f-98da-bc9695b51f49,036611dc-2c29-468c-913c-033dbe6bd15c,367.94,False,customer_request,processed,merchant,2025-03-02 08:38:14 UTC,2025-03-02 17:38:14 UTC
472fc9dc-188c-44d1-bb43-b46fc030f934,39c29180-4432-4e83-a01b-75b0175e8b0b,a8f4925c-bc24-4502-bef6-7c718df5f9b1,5.94,False,customer_request,processed,customer,2025-01-10 06:28:38 UTC,2025-01-12 05:28:38 UTC
c35224c9-bed9-40ad-9b59-cf8a248aef5f,617fe408-5359-43ed-b117-e7e4d5e499f4,54d1fd01-7c0e-4e01-9b78-dd2fed87f60f,15.68,False,customer_request,processed,merchant,2025-01-22 05:20:40 UTC,2025-01-23 03:20:40 UTC
f9045e3f-3bc2-424c-aac6-174343114b21,97114ed4-2ab4-48a4-9e16-180891238086,6856e1c9-1a95-4de3-b7fd-bd28207507ce,162.27,False,customer_request,processed,merchant,2025-02-16 07:13:58 UTC,2025-02-17 23:13:58 UTC
81ccbb0c-1e60-406c-8a9d-6bfc529d54c2,e8001b03-2b55-45f0-89b5-43ed51272c7b,7eeba10a-3a14-4f94-90a1-5e2ad0443a77,124.1,True,duplicate_charge,processed,merchant,2025-02-11 14:27:21 UTC,2025-02-13 10:27:21 UTC
bdcd620a-518f-4eb8-9d95-058bf70c1172,1cdc69b8-745b-44d2-be26-3fa4ab4d9f9d,437e1ec2-b5be-4693-b4cb-dd223c2fbb6b,71.03,False,customer_request,processed,merchant,2025-01-23 16:15:18 UTC,2025-01-25 07:15:18 UTC
cb728b38-d9c0-4ea2-9e73-4b69e3ae5c48,4bb80c97-a12a-4eba-acb1-2ee2dfff83e4,b48d372f-0711-458a-a01a-0af5d01da677,123.29,False,duplicate_charge,processed,merchant,2025-01-17 14:21:40 UTC,2025-01-17 20:21:40 UTC
fa655317-fb6e-4f0d-9b7e-8fa89ce0b0ee,a85affa8-3aed-4593-b869-918149ea0247,bc83cd51-8c3c-4e24-91f7-0d239cb7cc42,351.84,False,customer_request,processed,customer,2025-02-19 08:04:55 UTC,2025-02-21 06:04:55 UTC
c6fe2898-40f3-4ec3-9e1d-a479bbe1f4af,330fbc53-ccb1-4f45-8f69-a502da8f0587,ee6a1ce8-f1c8-40ed-bbc2-3f4dbf536c03,187.04,False,duplicate_charge,processed,customer,2025-01-03 20:24:57 UTC,2025-01-04 09:24:57 UTC
32155117-a55e-4479-843c-dafb3b2945c9,3717834f-b453-48c3-9ebf-c6181bebd0d4,8c37ad78-7d78-4b35-a326-f93ff1adc62c,69.92,False,duplicate_charge,processed,merchant,2025-01-15 16:49:34 UTC,2025-01-16 05:49:34 UTC
b7b62bc1-ca31-41ba-aa14-f3bb39c9c253,7926a3ac-6fe4-4158-8853-ccb643dfdb2d,f102577d-6161-4446-8798-9a61d5997c60,70.56,False,duplicate_charge,processed,merchant,2025-01-14 02:49:56 UTC,2025-01-15 20:49:56 UTC
6aa6af33-603a-4f61-9fe4-fc5cc201d057,342072c5-7715-4bc6-aeed-4de702d291bb,cbb12cdb-b522-4223-8030-ccf182dcc6d4,265.23,False,duplicate_charge,processed,merchant,2025-01-18 13:33:25 UTC,2025-01-19 05:33:25 UTC
88cebbe0-bcb8-455e-80cd-467a08c5cc30,8f2f5b2d-e097-4f43-9b9c-a0ef731697e4,4de73c6e-203e-4f21-aa61-b13bc0ecf00c,290.66,True,customer_request,processed,merchant,2025-02-19 09:44:10 UTC,2025-02-21 01:44:10 UTC
92abc145-ec41-474e-9fb6-6e7e386f4224,08ffc3eb-4452-43d3-a4ac-cce2a248e1dc,30f3b360-1183-4bd9-80a8-89996ec10966,12.87,True,duplicate_charge,processed,merchant,2025-01-10 06:24:33 UTC,2025-01-11 15:24:33 UTC
f444a6a6-789b-4546-b66e-716219a4473f,c62aed20-cd0e-40b0-859e-a7366ddd34a3,ed94c188-8378-4890-ba53-0d246fa9facf,139.66,False,customer_request,processed,merchant,2025-02-18 01:16:27 UTC,2025-02-18 06:16:27 UTC
a6bd3fce-09f7-4b27-a8dd-c2d8658a3e0c,8fce7388-9e6e-470c-9bdf-5a971e713bcb,ae719922-3f37-4f0a-8777-a725a5b6b927,161.07,False,product_not_received,processed,customer,2025-01-12 00:57:45 UTC,2025-01-12 09:57:45 UTC
b7237bc7-5c3a-472c-9b63-7684f197822c,de48c787-3592-4798-b673-4b352fc03809,71c9bbeb-535b-4523-a93f-e4fa21b004c8,48.34,False,duplicate_charge,processed,merchant,2025-02-05 23:03:26 UTC,2025-02-06 16:03:26 UTC
2610f739-db3b-447b-9112-afca76f69421,84f13d8c-efc3-4528-ab52-fb853716a144,899f11f6-2893-408f-9164-bfbfeb6b346b,106.39,False,duplicate_charge,processed,merchant,2025-01-30 07:55:52 UTC,2025-02-01 02:55:52 UTC
eea4b2f4-81b1-4ffe-8d53-cdf1a79be577,bf7929d6-0792-411f-a848-b8fbf49d7573,2a9776a0-2a6f-4768-befb-f166bbfdf670,49.75,True,product_not_received,processed,customer,2025-02-03 19:20:39 UTC,2025-02-04 02:20:39 UTC
579bc004-5cd5-4e0d-b05b-594fc0482394,c5aa4a99-036b-44c6-b9d4-5f57a200a3a5,b9e4b854-0326-418f-a749-d6b9098c2b0c,43.37,False,duplicate_charge,processed,merchant,2025-02-16 00:05:47 UTC,2025-02-16 14:05:47 UTC
66f838a3-6cda-49d4-adbf-80532a7b758a,aed6a8f1-baf7-4a4c-b7ac-8d13d9860641,a1597ed3-a4ce-4a5b-bf48-d84bfdc2026f,124.96,False,customer_request,processed,customer,2025-02-15 15:47:32 UTC,2025-02-16 13:47:32 UTC
5cc1358d-ca0d-4127-a0bd-40c0674451dc,dead0f2d-d251-4618-9c4d-aafb4322694d,30f3e0f7-a099-4f2b-8eeb-d38790d5fa7e,250.97,False,customer_request,processed,merchant,2025-01-16 01:48:30 UTC,2025-01-16 03:48:30 UTC
556b9d17-9764-43b8-b1f6-7d47e2a9c18c,fb1e0fb6-8539-4c93-b099-7a682fc71662,a6031369-9166-4f60-87f4-88a40748d81f,361.76,False,duplicate_charge,processed,merchant,2025-01-06 18:17:34 UTC,2025-01-06 19:17:34 UTC
4d796f52-f505-4996-808e-80f9b6bfb953,18767d12-db87-4af9-a344-b3ed2fa614ab,a8f4925c-bc24-4502-bef6-7c718df5f9b1,136.17,False,customer_request,processed,merchant,2025-01-14 20:45:26 UTC,2025-01-16 10:45:26 UTC
1d26fced-db07-4c42-965a-b84a99613e04,862f4c0b-b482-4dd0-9c32-73c1e11f1f1a,6e9a9fa6-16c4-44fb-bd44-c8d8199b5c46,449.36,False,customer_request,processed,customer,2025-02-07 04:12:37 UTC,2025-02-08 14:12:37 UTC
0fd03943-50a9-47f6-9fca-de5614a77826,d0475bb1-ffc3-4dd8-9b94-a4e58559393b,b89bbad5-cb5e-4085-9502-61205cf3483f,128.25,False,customer_request,processed,merchant,2025-01-21 05:02:24 UTC,2025-01-22 07:02:24 UTC
80c420c3-3e68-4548-bfdd-a945c8d31e1a,0c3acaad-20c7-4e72-8873-ef9a22f4cc5e,f40efd48-6cad-4539-a2b9-534873e510f4,207.64,True,customer_request,processed,customer,2025-02-02 22:15:43 UTC,2025-02-04 19:15:43 UTC
d68893da-41b6-49da-96b2-5ac87408b738,711869dc-92b2-4440-8907-b3c9dedfa769,e161722c-1af5-43f2-87f9-2d49c8f5f703,240.99,True,customer_request,processed,customer,2025-01-24 11:50:31 UTC,2025-01-25 16:50:31 UTC
7c7d0ce8-00d9-4d4b-9d16-dc4f15841f1a,67f6bb7e-c17c-49ab-bbe4-bdeef30adb14,6856e1c9-1a95-4de3-b7fd-bd28207507ce,224.11,True,product_not_received,processed,merchant,2025-02-17 04:34:58 UTC,2025-02-17 20:34:58 UTC
22702f31-af29-4b74-acfa-2c536390877e,52333d87-0223-4a41-bc4e-812d54b5ddda,5cde2be2-aa46-4c55-8302-01b7c865ba6b,283.31,False,customer_request,processed,customer,2025-01-26 16:50:07 UTC,2025-01-28 14:50:07 UTC
40b7f6a5-f212-444e-9759-740139f31d74,eef114c6-ea3c-4152-bfdf-fc02c8fb5f11,9080ebc7-319e-4af5-abb0-290ebe946b1e,5.87,False,duplicate_charge,processed,customer,2025-02-12 17:27:38 UTC,2025-02-14 11:27:38 UTC
a85642ea-0988-4a47-a819-a1078bb1305e,e7416b65-657d-420c-9f07-6402c5b9314d,30f3b360-1183-4bd9-80a8-89996ec10966,120.79,False,product_not_received,processed,customer,2025-01-21 13:14:36 UTC,2025-01-22 00:14:36 UTC
c409e749-e940-4461-b3d3-54adcc6e65ff,7d09cf84-1041-4681-ac62-758d41138345,cad4664a-88e1-4bf0-a86b-53847675c675,112.76,False,product_not_received,processed,customer,2025-01-26 07:03:43 UTC,2025-01-26 21:03:43 UTC
915a924f-6f8c-45fb-953f-16199514d4ab,c2051af1-2334-49f7-9657-1f003b1e2143,e4c122aa-0843-4829-a618-07c469c6e534,123.65,False,duplicate_charge,processed,merchant,2025-02-06 11:20:18 UTC,2025-02-07 06:20:18 UTC
5f5574fb-ffa3-4226-8bf7-1dd04c6b6303,6e2fac9a-709b-4957-acd0-7f5b986d4ceb,fb7a78c9-060f-44d7-b1d1-08ee2ff6bce2,181.89,True,customer_request,processed,merchant,2025-01-27 05:06:38 UTC,2025-01-28 07:06:38 UTC
a9b5d9b4-70ac-4899-9fd2-61ead8adb4b2,eed10ea4-0285-4492-b80f-dc175b4e38e8,74a4df8e-3ae2-4b28-90fd-99e165211a7d,150.34,False,customer_request,processed,customer,2025-02-22 18:28:50 UTC,2025-02-24 04:28:50 UTC
5b4fcfc8-7c48-4442-b7e4-66cea78f59ce,6c5687eb-f329-4211-97f0-8a3607f2f7e8,76023f5e-87e8-4006-926e-f0d8333aaa0d,243.47,False,duplicate_charge,processed,merchant,2025-02-02 23:49:14 UTC,2025-02-04 16:49:14 UTC
5f6ae6d5-7beb-4ae2-bf75-9c28365d65e3,f197b33d-f375-4b4c-a181-e00cef6f668b,293641e9-4c0c-435f-9723-eb292fa6ffe0,170.41,False,customer_request,processed,customer,2025-02-02 19:17:09 UTC,2025-02-04 10:17:09 UTC
1fbc1d7d-0ca6-433d-8737-415820a9bf37,79e236cd-507e-4170-83ec-91637a7fc0b3,39cb90af-c775-451e-bac8-566a5aca19dc,237.44,False,duplicate_charge,processed,customer,2025-01-20 05:31:33 UTC,2025-01-20 23:31:33 UTC
46002834-2915-4ff2-92cf-ae5833f10944,499282af-d81b-40ce-b967-3eccd8411bc6,94e7f274-46d3-4008-9f4e-6a9017708a40,195.27,False,product_not_received,processed,merchant,2025-02-07 16:21:26 UTC,2025-02-09 16:21:26 UTC
6e4369e0-ccbe-4d1f-9a40-019768a833a5,e2bc59c6-33fa-497f-a0f5-c60111ffc225,ad327e0b-9033-442d-9eb7-848fddd5378f,118.05,True,product_not_received,processed,customer,2025-01-20 03:01:56 UTC,2025-01-21 21:01:56 UTC
1d907fad-3fad-48d5-9ec9-be3a496162eb,9be299ca-05d3-4ce5-aca1-a11145871167,a4bb8ea4-dd4b-42df-86a8-71fb2831e138,150.1,True,customer_request,processed,customer,2025-02-03 22:07:51 UTC,2025-02-04 04:07:51 UTC
1a837d70-3e1b-4836-aecc-df4b068a16af,7fe86570-6da5-47aa-96e7-8f43d2027149,560720c3-f6d9-4e83-acc6-b361ba214b74,40.84,False,customer_request,processed,customer,2025-01-18 18:19:58 UTC,2025-01-19 03:19:58 UTC
ed98a48d-9030-4760-99a9-de97b98f32d6,eadf5fa9-25d7-4256-85c8-dc585a145373,368e713c-5cc0-4cb8-a19c-c27d20d9fd7f,50.06,True,product_not_received,processed,merchant,2025-03-10 02:24:12 UTC,2025-03-11 12:24:12 UTC
5f2b6ebd-6e4a-47a3-9c1b-38eb035df785,1806bad4-f85b-4589-a01f-74d0aeb6a73f,899f11f6-2893-408f-9164-bfbfeb6b346b,4.55,True,customer_request,processed,customer,2025-01-25 08:36:28 UTC,2025-01-27 02:36:28 UTC
49fba458-2856-4cbe-adcf-aa88b44f8633,1d465f50-3ad0-417a-a7eb-96f867fcc725,c0adef2c-dc3c-4a8e-a9eb-74e35656b241,71.65,True,product_not_received,processed,customer,2025-02-05 06:49:44 UTC,2025-02-05 18:49:44 UTC
4f1c4078-cebb-4fad-81b8-cab138cb1cc7,2dab7849-867f-4d15-bf9a-a3f9d553cb94,bc83cd51-8c3c-4e24-91f7-0d239cb7cc42,416.55,True,customer_request,processed,customer,2025-02-23 19:44:15 UTC,2025-02-25 07:44:15 UTC
05858242-d88d-448f-8bc9-d183d4eabcd4,5771ed1c-05d5-4bc6-9067-9724b1175813,65d201b4-93fb-4146-8171-52921877ad81,291.24,False,duplicate_charge,processed,merchant,2025-01-09 13:10:03 UTC,2025-01-11 09:10:03 UTC
97c53c53-5f65-4f14-b349-1c6cc3c63fef,ddbe81fa-ee64-4e7f-b146-b1baf9c19cab,c3fa1309-f8c6-4d8c-8761-bc11a6936a8b,91.06,False,product_not_received,processed,customer,2025-03-14 23:13:12 UTC,2025-03-16 14:13:12 UTC
e739092a-f1cf-4d09-8709-5e4890d86e5a,e101bf60-eb3a-4d6e-a3c2-5ffa2f19134f,2f273476-063f-4588-b1ae-01d9a96d9952,230.89,False,product_not_received,processed,customer,2025-02-19 09:41:29 UTC,2025-02-21 02:41:29 UTC
a4e57a8c-780f-418d-8af0-400aaaa9f5e0,5d859cca-0ed8-4757-9bec-b4cb64caca52,e1e6ca63-10df-4e0b-a008-6fa335062b0e,80.66,False,customer_request,processed,customer,2025-01-22 07:05:24 UTC,2025-01-23 07:05:24 UTC
56066a7e-bdd4-4d9d-a237-ca24a2cb1d4e,a28da9bd-6b2b-4d48-a435-83a58ee3af02,ed94c188-8378-4890-ba53-0d246fa9facf,107.32,True,duplicate_charge,processed,merchant,2025-02-20 00:58:47 UTC,2025-02-20 04:58:47 UTC
8a481f88-eaac-4bb1-8fed-b43a71f528c6,ae55ff16-822c-4ee8-8a20-826818b97676,53f0a5c1-bcf9-4392-b11a-e043a11803ec,63.09,True,product_not_received,processed,merchant,2025-02-02 03:31:29 UTC,2025-02-02 10:31:29 UTC
ef04e273-319f-400f-8a52-bcfcd894e5df,7c7a3d72-57ed-442e-a195-77188bf28a16,b6bf8019-f109-4acb-96f3-3bab622dd241,192.46,False,product_not_received,processed,merchant,2025-02-01 00:03:15 UTC,2025-02-01 12:03:15 UTC
a6ac8396-4521-498b-8266-d1389fc0b962,a6f5b435-e5a9-4fc6-be4a-5e21b860ff17,257b42ad-6ca8-46eb-902d-74f8720ac07f,197.33,False,duplicate_charge,processed,customer,2025-02-13 08:13:45 UTC,2025-02-13 09:13:45 UTC
c6421980-b668-453d-b1df-2690cb11a796,b8d74832-359d-48a3-a3d0-4f7c28605d61,e0b66f9d-2363-4001-bf69-92f6be0927bc,8.31,False,product_not_received,processed,merchant,2025-02-02 07:54:49 UTC,2025-02-02 16:54:49 UTC
a4cc367b-8526-4f21-983f-89b1f5c0ff0b,dcdee67b-3a63-401c-84cf-dda00f2c8ff8,f113bed6-eb53-4a11-b556-097b30e86bba,82.82,True,duplicate_charge,processed,customer,2025-02-16 22:16:47 UTC,2025-02-18 11:16:47 UTC
031407ff-2b76-4b74-8f37-fe3a44092b2a,671543e6-96dd-4cbf-812b-f5b1cb14425e,cfa54c24-60f9-47ba-989a-2158ace982a5,125.9,False,duplicate_charge,processed,customer,2025-02-06 19:47:52 UTC,2025-02-07 06:47:52 UTC
147b47f5-72b8-4065-ac6f-408b058d90a0,ed7aaafd-f2f3-4fb7-a96d-c5652375f321,d55d69bc-c81d-498c-9019-a2b2d7baae2d,123.71,False,duplicate_charge,processed,customer,2025-02-22 07:28:50 UTC,2025-02-22 22:28:50 UTC
04f9aa69-9a31-40d8-baef-fe665eaa4a50,43e841ed-1135-450f-9556-3aab190176b3,09455c06-6081-4f91-a8b3-db6fe44c41ed,269.83,True,duplicate_charge,processed,customer,2025-02-13 05:27:46 UTC,2025-02-14 23:27:46 UTC
3fac635c-b793-408b-b2ad-102a1efa0555,a4d265ee-513d-4291-923e-5b95ab2cd97b,55562e8a-a628-4499-90c4-10a7ab66ddab,179.93,True,duplicate_charge,processed,customer,2025-01-27 04:55:03 UTC,2025-01-28 03:55:03 UTC
e6a4a8bd-14a8-4e34-9ded-c32045479750,394c0e34-aeb3-4e8a-8037-9347b753436c,07d89a66-7694-4853-acd3-3fd4677b38fe,115.63,False,customer_request,processed,customer,2025-01-19 08:01:52 UTC,2025-01-20 06:01:52 UTC
ed9833bb-559a-49a0-8733-42274b6fa217,ef662a02-ca2b-4b79-b008-45a4299d15d4,2e53a367-42f1-4458-b45d-d40303138c6e,179.72,True,product_not_received,processed,customer,2025-02-01 06:30:26 UTC,2025-02-01 10:30:26 UTC
68a64217-ba6b-48ec-b620-ad94b85be2d4,bcde0952-27f9-4c22-8eb0-0d490c338f8e,c3fa1309-f8c6-4d8c-8761-bc11a6936a8b,89.98,False,product_not_received,processed,customer,2025-03-15 19:21:06 UTC,2025-03-17 09:21:06 UTC
d86050e5-fbd4-41bc-8aa2-e0398e397c15,fa54dbdd-d5cf-46ae-9f78-31e82f724662,301aec15-b228-4138-86ed-9392851e4faf,322.08,False,duplicate_charge,processed,customer,2025-03-12 11:57:46 UTC,2025-03-13 02:57:46 UTC
eeee2ed3-f30d-4706-92fb-cabcb1497267,0d875ef4-f92e-49a0-b675-e493456e0216,a6031369-9166-4f60-87f4-88a40748d81f,186.48,True,customer_request,processed,customer,2025-01-11 06:38:31 UTC,2025-01-12 12:38:31 UTC
195311fc-1b0b-4717-bc59-a55479a306d8,ac459fed-cf9a-46cd-b926-d7ad5f816db7,bb41be77-31ac-4c15-a92a-a9c147cb1929,52.96,True,duplicate_charge,processed,customer,2025-01-29 15:08:30 UTC,2025-01-31 00:08:30 UTC
10fd6da5-7928-40e5-a510-bad69bf04dd0,f710972f-0b03-44db-8a96-b3ef1fe9cd29,c0adef2c-dc3c-4a8e-a9eb-74e35656b241,3.26,True,duplicate_charge,processed,customer,2025-02-03 12:27:45 UTC,2025-02-04 01:27:45 UTC
10227fad-1053-4c0a-81f6-a232f2f8c141,6e9760e7-cf4a-46b9-8e4e-9f00f9308f8f,5cde2be2-aa46-4c55-8302-01b7c865ba6b,25.84,False,product_not_received,processed,customer,2025-01-15 21:34:26 UTC,2025-01-17 06:34:26 UTC
e8ad246a-b45c-4bba-8e37-308fdcca03a0,92c6445e-2934-4d0d-be06-49ace9f5c53f,0ed3fa2c-954c-47a4-aac3-4147762f87a9,148.57,False,product_not_received,processed,merchant,2025-03-04 02:12:38 UTC,2025-03-05 05:12:38 UTC
37553116-8a7a-4747-bfe0-f847e92399b5,4153f29f-ba99-43a9-a75a-a5e140d44896,23e15039-f246-4105-a943-287b3757bd26,76.12,False,customer_request,processed,merchant,2025-02-24 09:46:12 UTC,2025-02-24 19:46:12 UTC
c4af0d5a-1eed-45d2-b122-8bd2e1b1c31f,36be1d26-73b4-4b4d-ade6-fd5e83495d8d,7132f499-91e8-4a54-830e-730c3616d206,170.87,False,product_not_received,processed,customer,2025-01-10 17:24:40 UTC,2025-01-10 23:24:40 UTC
88182ef9-562f-45ac-bd09-391d8c70b261,71927e2c-c118-42f5-8272-4a771ed33e7d,702345f1-cb1e-4841-a1fe-efa67b06ed99,49.15,True,customer_request,processed,merchant,2025-01-18 00:10:29 UTC,2025-01-18 04:10:29 UTC
7866caa3-6ee1-48aa-94a3-dd0800262c57,ecc97481-bcc7-4fdd-a4ca-87603f91ecb8,e161722c-1af5-43f2-87f9-2d49c8f5f703,75.91,True,customer_request,processed,merchant,2025-01-31 19:22:52 UTC,2025-02-01 19:22:52 UTC
4d4d5f85-33db-454a-bb24-70dafa899394,07ae8c54-9e6f-41b1-9161-30168af020a9,3eb83e33-98e4-4c12-b62d-e89f4090ee21,211.34,False,duplicate_charge,processed,merchant,2025-02-12 21:21:53 UTC,2025-02-14 17:21:53 UTC
3e180817-bfe5-4055-a691-13ffe910845e,818332b5-5862-4cfa-a85d-24ea4397b4c0,76023f5e-87e8-4006-926e-f0d8333aaa0d,166.53,False,product_not_received,processed,merchant,2025-01-29 19:32:37 UTC,2025-01-30 05:32:37 UTC
cc6a720b-2836-45a5-a604-5474e9e81287,e3cabf0f-06fa-4fb5-88ca-bc42eb87c2ea,ba64665a-df39-479e-b272-20e27af24d3e,137.48,False,customer_request,processed,merchant,2025-01-06 15:45:20 UTC,2025-01-08 00:45:20 UTC
549505a1-88f6-4b6d-b7c1-eb2c8c9adc64,fe074f83-63a3-4d91-9d5a-38ac59ea815b,e5ef7f4a-b30f-4677-b088-07e5d79aa47a,9.77,True,product_not_received,processed,merchant,2025-01-17 07:36:43 UTC,2025-01-18 14:36:43 UTC
70a0cc08-5a83-48b8-8d1f-b3b0a28f6403,a7f266ae-96f1-4180-99a5-55d4f3e62020,7f5570f0-9b5c-4c18-b55c-2bfc27076bc9,67.9,False,product_not_received,processed,customer,2025-02-11 01:02:39 UTC,2025-02-12 23:02:39 UTC
a2db4a22-b3b1-4184-9af5-ed0666487396,e35d6588-3ef3-4645-bb59-c00e674ab5e1,ff42f0ad-288b-4234-bf3f-51b3bf05443a,28.52,True,customer_request,processed,merchant,2025-03-02 03:20:42 UTC,2025-03-03 14:20:42 UTC
b56384d0-cf0b-499c-92ae-2a16b8eb9fd8,e2d0f72a-75f3-40c4-8ce7-d0452bd00a81,b9e4b854-0326-418f-a749-d6b9098c2b0c,192.26,False,duplicate_charge,processed,customer,2025-02-21 08:29:16 UTC,2025-02-21 12:29:16 UTC
d5039da0-2f89-4162-a5cf-68633fbe1f90,fbcf1c3c-1042-48fd-b6f3-5281f30dbf93,52efa62e-b549-4cc7-b04b-3beb6b4e70ba,121.27,False,customer_request,processed,customer,2025-02-28 19:14:16 UTC,2025-03-01 03:14:16 UTC
6fc8050e-9567-4ade-8ef3-b5375855d733,cc44dff0-6d58-4732-913f-d31878613982,9080ebc7-319e-4af5-abb0-290ebe946b1e,247.18,False,product_not_received,processed,merchant,2025-02-07 17:38:47 UTC,2025-02-07 18:38:47 UTC
7e97496e-27bc-42f1-8765-b9bbe06b62c3,2092c17b-ea67-45fc-a39a-89460b049b11,55562e8a-a628-4499-90c4-10a7ab66ddab,156.05,False,product_not_received,processed,merchant,2025-01-29 01:00:21 UTC,2025-01-30 11:00:21 UTC
1e4f63c9-9add-4d5b-b923-bd4c43e14d85,c3d18a42-21a9-4d7e-87a3-7f90a31ca326,26436798-ab40-4935-b07c-febc6a962776,134.83,False,product_not_received,processed,merchant,2025-02-07 01:42:56 UTC,2025-02-07 14:42:56 UTC
c5961c9c-6c80-49db-b029-8b3f7465304d,02f56485-0ec3-42b4-a4fa-a649cfb519af,a4bb8ea4-dd4b-42df-86a8-71fb2831e138,91.09,False,duplicate_charge,processed,merchant,2025-01-25 18:43:06 UTC,2025-01-25 20:43:06 UTC
2ca16ebd-7b7d-4d7e-8f78-b4056f207ee7,626d236c-1079-43a7-8808-b8a175656e1b,23059fb4-6133-4982-a2bd-adacc6e876f3,192.45,True,customer_request,processed,customer,2025-03-03 01:34:47 UTC,2025-03-03 18:34:47 UTC
dd232f13-3504-4da2-a1b6-6a5198c24791,f3a2ff9e-15f2-4bab-b7e2-fde0ea44a35c,c02807fb-7e0b-4378-b8f8-9bcc111c5abc,199.21,False,product_not_received,processed,customer,2025-02-02 05:20:36 UTC,2025-02-03 20:20:36 UTC
70d8a424-a948-4178-a3dc-ebc8da520c5e,a08f009c-6765-42d2-9a16-4d0a27e6c26b,fd3093bf-14e8-429e-89ca-f03c8cb1a45c,37.48,True,customer_request,processed,merchant,2025-02-08 05:05:24 UTC,2025-02-09 01:05:24 UTC
c92f7d0a-d579-4a0a-a9f8-ce21110ab110,86df12d8-3a9c-4434-b3df-3db183299695,853be2b2-b602-4dee-b6b1-9876a8d888e9,162.42,False,duplicate_charge,processed,merchant,2025-03-10 07:24:10 UTC,2025-03-11 00:24:10 UTC
1b566211-3074-40e6-9881-2315e7cd0021,0f9f1002-ab9a-4229-987f-3387750d6643,fc13036a-f9ec-4d3e-9337-50d6f03c32ff,188.15,False,duplicate_charge,processed,merchant,2025-02-15 00:53:23 UTC,2025-02-15 20:53:23 UTC
e62c77f6-585f-48e7-a2b3-138b0f809887,bfb4babb-65a5-413a-91d5-d17ef7d99030,d6fb1e4b-7244-4876-b8d4-9aae3cf4ccc3,181.02,False,product_not_received,processed,merchant,2025-02-01 00:06:59 UTC,2025-02-02 17:06:59 UTC
44fa9357-ca65-4d80-a966-fb42a07fc9cc,22f54432-40c9-4393-8a73-508c92796a68,5ddd51c3-e3aa-46e1-b453-07af2cebb843,233.78,True,product_not_received,processed,customer,2025-03-09 12:29:38 UTC,2025-03-11 08:29:38 UTC
dbdc8a31-0a69-49d1-9a65-34213721e501,faa76743-2275-46b3-ab99-40ac38489698,ae719922-3f37-4f0a-8777-a725a5b6b927,313.43,True,customer_request,processed,merchant,2025-01-11 15:11:37 UTC,2025-01-13 05:11:37 UTC
7cfb79ca-8f3b-4ca5-9437-4c34b177b1fe,e123b913-a45e-4e69-93e8-0ad9d054450a,3523e271-0860-4826-a51b-e0e43b64959e,167.77,False,customer_request,processed,customer,2025-01-12 02:06:17 UTC,2025-01-12 09:06:17 UTC
b4f739cf-e200-4a2c-933b-071f517e8d39,1903ced9-9df0-4a2f-a93c-ba3ed7788f85,6f092939-d01c-4a91-b714-0966e1285797,267.84,False,product_not_received,processed,merchant,2025-01-27 04:41:09 UTC,2025-01-28 03:41:09 UTC
c100a344-4f6e-4474-92f3-096610dc167d,e4f933b5-2c14-422f-8d86-dda6baf5a7a6,6e311e4d-2b27-40b0-aa39-ae702ebdb519,4.22,False,duplicate_charge,processed,merchant,2025-01-23 13:18:49 UTC,2025-01-24 21:18:49 UTC
57b3e9f0-6255-41a2-96ed-00486e0c3672,018bbdd6-a074-46c2-b288-277cfdb4d47b,3494cc37-876e-42ec-be1a-a7d005906343,214.62,False,duplicate_charge,processed,merchant,2025-01-24 22:57:17 UTC,2025-01-26 22:57:17 UTC
e7e7badd-5aae-4761-8de2-d30332529d5b,479ad779-d62b-43ba-8c42-519935d6eba9,853be2b2-b602-4dee-b6b1-9876a8d888e9,68.7,False,duplicate_charge,processed,merchant,2025-03-06 07:46:57 UTC,2025-03-07 06:46:57 UTC
01d83c12-bfdb-4c64-ba5e-60645e726566,6ccf016b-3b20-4344-836e-83d04bc17505,134045c2-a676-4834-b3df-2f91d43d244e,193.05,True,customer_request,processed,customer,2025-01-22 02:46:27 UTC,2025-01-23 23:46:27 UTC
d3ee8213-a909-42c5-9330-e78065565ad0,64eda6e5-5959-493c-958c-eb3f8b1563df,30cf3923-a964-461e-ab6c-9a0011918bce,19.98,False,product_not_received,processed,merchant,2025-02-16 02:40:52 UTC,2025-02-16 09:40:52 UTC
acbaffe9-64cb-4042-afd5-e9840db8d659,7d829e88-2aa7-40cb-92ac-3a18646cb1e4,d0e743a5-9de6-4930-8d80-3ca078e96912,89.47,True,duplicate_charge,processed,customer,2025-02-25 15:49:15 UTC,2025-02-27 13:49:15 UTC
2f9ccf22-d91b-493c-910a-07f2f199d2d4,25be00f9-054b-4303-9928-ccdf6f35f390,0a9d89c2-e162-4fdb-8575-3bebe4e50f41,7.12,True,product_not_received,processed,customer,2025-03-06 01:38:21 UTC,2025-03-06 23:38:21 UTC
dba8f42c-5013-4f12-8b74-6762bed36185,e9c8b10c-6dfd-441d-bf0a-be44d531ead2,437e1ec2-b5be-4693-b4cb-dd223c2fbb6b,144.31,False,customer_request,processed,customer,2025-01-21 07:08:23 UTC,2025-01-22 13:08:23 UTC
1c77533b-9775-4c15-a9ee-e0cad0da4eae,df6fbdf0-f075-4ff6-b3f2-5675fbf64ce7,293641e9-4c0c-435f-9723-eb292fa6ffe0,258.08,True,duplicate_charge,processed,customer,2025-02-10 00:22:17 UTC,2025-02-11 13:22:17 UTC
f49fab38-22d6-41c2-b8b2-3cf204619fdf,39c09b17-a75d-4715-b7e8-5b0b313522d7,a6031369-9166-4f60-87f4-88a40748d81f,44.02,False,customer_request,processed,customer,2025-01-20 21:51:07 UTC,2025-01-21 15:51:07 UTC
bca28cdd-ddd9-4abb-ae04-b60eced59f31,c70929bb-9499-4f1d-bbef-c7badc5673cf,24c7ff1b-3caa-4d70-aece-d6d020793eb4,138.15,False,duplicate_charge,processed,customer,2025-01-06 18:39:15 UTC,2025-01-07 09:39:15 UTC
208042d4-1f8b-4ee8-8b56-242193410465,ecbfd401-6799-4f2c-93b0-1102a1c6aeb0,52efa62e-b549-4cc7-b04b-3beb6b4e70ba,224.95,False,customer_request,processed,customer,2025-03-05 14:41:01 UTC,2025-03-07 13:41:01 UTC
57bb52d7-82cb-4672-a994-0ecf66c5862c,4765c584-12d0-47bd-ba5c-9e2dbaca8eeb,cbb12cdb-b522-4223-8030-ccf182dcc6d4,282.26,False,customer_request,processed,customer,2025-01-27 17:05:41 UTC,2025-01-28 07:05:41 UTC
46f2b8ee-ee4b-47d0-b78d-e8d2d32ae0f3,cdc5537f-b415-4843-bfce-75c52082b24e,1b505dd3-4164-46bb-bbe2-46baf532faf3,126.02,False,duplicate_charge,processed,merchant,2025-01-21 05:57:17 UTC,2025-01-22 05:57:17 UTC
bffce105-ee28-4887-88fe-1b8d6c843f72,6502692a-75e7-4284-b878-0c941a4ece7c,dea45b31-c77a-4690-9d25-76e9c326e52d,251.29,False,duplicate_charge,processed,customer,2025-02-16 05:42:09 UTC,2025-02-16 22:42:09 UTC
6b89c275-1c95-4431-bef4-5c243dc5d740,171edaf5-01fc-494f-af74-2bedc2be5850,492912ab-8521-408a-9a01-201ba2c569bd,89.65,False,duplicate_charge,processed,customer,2025-02-09 15:26:37 UTC,2025-02-11 14:26:37 UTC
cf81846b-5537-4d29-ba22-b1b29f45b65c,dbc6dcd4-eb8e-4403-b818-024d9c0387bc,efb93144-ca48-428b-9745-112aa74d82a5,251.64,True,duplicate_charge,processed,merchant,2025-02-26 08:54:03 UTC,2025-02-26 19:54:03 UTC
0189107d-7c81-4843-ba4b-4c40dc8596ed,c06c60d2-7f31-435f-ac2e-00d259bab680,a6031369-9166-4f60-87f4-88a40748d81f,125.11,False,product_not_received,processed,customer,2025-01-16 00:40:28 UTC,2025-01-17 14:40:28 UTC
da79ceb5-e5cb-4150-9f49-d8653c48caf9,37f61a93-0d72-4ecb-8524-4ab09e3d661e,240e6377-0056-4c93-8736-86fef7cc0969,343.8,True,duplicate_charge,processed,customer,2025-01-24 00:10:36 UTC,2025-01-24 23:10:36 UTC
b0e23fd7-1d1c-43b3-836f-7687dd391bbe,2d7e8979-6a09-4510-8cac-bedfd4724f82,496cedb0-cf63-4514-9122-a6e550a6ef33,144.01,False,duplicate_charge,processed,customer,2025-02-09 16:05:53 UTC,2025-02-09 18:05:53 UTC
5dea1e57-8fa0-45e2-bed6-0b04ffc696e4,bf350137-9186-47da-af57-d0b54b4a674f,7132f499-91e8-4a54-830e-730c3616d206,380.22,False,customer_request,processed,customer,2025-01-13 02:13:12 UTC,2025-01-14 22:13:12 UTC
03fcce1e-817d-4b6e-a21d-0aef298660a6,4f70dead-3722-4d2b-b55f-04e443caa8ee,5ddd51c3-e3aa-46e1-b453-07af2cebb843,276.58,True,product_not_received,processed,customer,2025-03-04 02:59:05 UTC,2025-03-05 19:59:05 UTC
683a68e1-7abf-456a-b157-3e608edb0d84,73ac13c0-d5ea-426f-b87c-7df36331f54a,dcc48dd0-7c54-4f0a-b006-2d6af547ab0d,399.18,False,duplicate_charge,processed,customer,2025-03-04 21:18:22 UTC,2025-03-05 22:18:22 UTC
04d99e47-9db3-4d8a-9829-2f55136c95e5,930d4820-e715-44d6-a441-2d0cdd7c5380,f533dec6-cc95-4649-9370-1cd757fb5597,66.45,False,customer_request,processed,merchant,2025-02-20 17:29:11 UTC,2025-02-20 20:29:11 UTC
f3cfbd89-a5ea-4e8b-9dbb-85eb85923720,a1855261-6756-44d8-838c-94b63e143293,03595482-26f2-4580-8617-0f0d74e56eba,67.26,True,product_not_received,processed,merchant,2025-02-22 08:13:54 UTC,2025-02-23 13:13:54 UTC
23865bfc-b671-41d4-8d70-8559bf2d36e8,127bbd99-1f44-4ace-b672-b2a806f42548,ee6a1ce8-f1c8-40ed-bbc2-3f4dbf536c03,244.82,False,duplicate_charge,processed,customer,2025-01-10 03:14:24 UTC,2025-01-10 12:14:24 UTC
37e3245a-9b54-4d62-8331-46ba0c6f3e44,ab1445f8-0cd4-4add-8b2d-e49b9d74e5fd,6f092939-d01c-4a91-b714-0966e1285797,370.32,False,product_not_received,processed,merchant,2025-01-29 11:50:35 UTC,2025-01-31 00:50:35 UTC
583d343c-1c1e-4d36-bfa6-7c2f11f63d73,91e7ce6d-479c-483f-a18b-7a588069454d,2b486cd1-18da-4a35-8f2b-a109d6ba3ef1,43.13,True,product_not_received,processed,merchant,2025-02-01 18:24:15 UTC,2025-02-02 16:24:15 UTC
55fad3d6-9a41-451c-a758-d84d9b61452c,9838374b-a2fc-4fa1-af64-f5e25977f6fc,a1597ed3-a4ce-4a5b-bf48-d84bfdc2026f,89.5,False,product_not_received,processed,merchant,2025-02-19 04:29:50 UTC,2025-02-20 15:29:50 UTC
053d2457-f35b-4168-bb2d-f62306a6c56a,60b89429-ac51-4aec-b0a0-15bf204783df,4de73c6e-203e-4f21-aa61-b13bc0ecf00c,382.04,True,duplicate_charge,processed,merchant,2025-02-16 01:45:04 UTC,2025-02-16 22:45:04 UTC
4bdc51e5-2874-4bdb-88d5-5c01f03dc096,cce18b3c-374d-4f25-af05-41260008462f,a49f4f6c-c9c6-4f78-8700-a1cf727947b9,16.53,False,product_not_received,processed,merchant,2025-02-04 12:09:36 UTC,2025-02-06 04:09:36 UTC
6c725e94-4233-48a0-a719-fc3abc51d213,6ce39556-7124-43b0-9148-931ee4880ac6,e9ab50a6-cf84-42a4-9932-30657f707bd1,229.68,False,duplicate_charge,processed,merchant,2025-02-06 22:52:40 UTC,2025-02-07 04:52:40 UTC
98fad00e-9105-4f6a-a152-cca3bd30a962,9dbd05c6-6e5b-42e4-a476-e75f50168d45,55562e8a-a628-4499-90c4-10a7ab66ddab,162.43,True,product_not_received,processed,merchant,2025-01-22 07:45:52 UTC,2025-01-23 10:45:52 UTC
aa1b88d9-d3a1-4265-b90d-64aebf5f1601,0e072371-8529-479c-8edc-86727a8dab45,2b486cd1-18da-4a35-8f2b-a109d6ba3ef1,203.62,False,product_not_received,processed,customer,2025-02-12 08:45:39 UTC,2025-02-13 16:45:39 UTC
1aabbfdd-8bc9-438a-a358-cb6e33615fc0,bcb5f38e-0dad-445f-b13b-11d8139f20db,54d1fd01-7c0e-4e01-9b78-dd2fed87f60f,100.28,False,customer_request,processed,merchant,2025-02-04 07:11:07 UTC,2025-02-06 04:11:07 UTC
289253fa-d38d-42db-b7d6-a1bd93edc38e,09bac170-815c-451e-b924-626539f45c90,76023f5e-87e8-4006-926e-f0d8333aaa0d,379.88,False,customer_request,processed,customer,2025-02-04 06:17:35 UTC,2025-02-04 22:17:35 UTC
0b651c0e-2bc7-46fc-9393-319168f67958,de631349-013e-44e9-8def-2c148d4e41a7,d90225de-51ba-4129-b1f2-33acbba6fcfb,298.36,True,product_not_received,processed,customer,2025-02-17 02:55:12 UTC,2025-02-18 06:55:12 UTC
17bdab25-f057-483b-bb50-4e480ec1965d,cc89210c-34c0-4617-a808-c0040467892f,ba64665a-df39-479e-b272-20e27af24d3e,111.39,False,product_not_received,processed,customer,2025-01-15 03:52:57 UTC,2025-01-17 00:52:57 UTC
c12325a7-8ef8-4c5e-837c-1679477cec65,14cfc2b8-649c-4fa9-ba4f-b5cd036c933b,30f3e0f7-a099-4f2b-8eeb-d38790d5fa7e,54.36,False,duplicate_charge,processed,customer,2025-01-08 14:00:13 UTC,2025-01-08 20:00:13 UTC
3fc2b7dc-3afc-45f9-ac54-4d6d35792b4c,38a91700-ebea-488b-a6b9-95c92fddabea,f102577d-6161-4446-8798-9a61d5997c60,116.52,False,duplicate_charge,processed,customer,2025-01-05 18:52:55 UTC,2025-01-07 15:52:55 UTC
eff7dd2f-457e-4731-be43-51a548b8544f,8689a8f6-4af7-4477-b20a-f48490cacbb9,23059fb4-6133-4982-a2bd-adacc6e876f3,146.81,False,product_not_received,processed,merchant,2025-02-21 03:49:41 UTC,2025-02-22 04:49:41 UTC
c9a46673-0b41-4dfd-913b-8413910601c0,7e994d43-f1b3-4313-a4c1-4df78616e517,d0e743a5-9de6-4930-8d80-3ca078e96912,222.85,False,product_not_received,processed,merchant,2025-02-22 03:07:02 UTC,2025-02-23 08:07:02 UTC
355bb6e7-25f2-412c-9001-b401d2785f42,b0a56230-fc56-4606-b8a9-658e9c95bd20,04636b9b-ed0a-4c41-96da-e0495c931b6f,361.72,False,product_not_received,processed,customer,2025-02-22 12:50:15 UTC,2025-02-23 23:50:15 UTC
76b36c76-cab2-422a-8049-6dc58846260c,3ab3b174-7122-44ef-83e0-d3591dd991ce,471f73ed-d6f3-426d-99c5-4d126721e788,180.78,False,duplicate_charge,processed,merchant,2025-03-07 10:56:33 UTC,2025-03-07 13:56:33 UTC
d2caacb9-9f24-4621-a98f-9076cb1d7617,4e6940f6-4c14-48bc-8caf-c741559a99ec,26436798-ab40-4935-b07c-febc6a962776,328.39,False,duplicate_charge,processed,customer,2025-02-08 07:16:32 UTC,2025-02-09 13:16:32 UTC
205cda6f-ef85-49f8-879a-9680a3a39419,2ad5beb2-45b7-406c-804b-47a4236e45cd,d90225de-51ba-4129-b1f2-33acbba6fcfb,34.48,False,product_not_received,processed,merchant,2025-02-06 11:02:10 UTC,2025-02-07 14:02:10 UTC
42856744-498a-4641-a095-11cc784323ae,84a7a72c-59c8-437e-beac-ddb21a509930,7c7b2cc8-c25d-430b-8b7f-a44248d82d8a,248.69,True,product_not_received,processed,customer,2025-02-08 11:13:57 UTC,2025-02-09 17:13:57 UTC
0479b067-5760-410e-9252-df2633b0bc4d,7b9aa25f-c6ce-419c-bc09-e6de2f0c4666,55f5f531-0267-4835-89ab-58df668e1409,148.39,False,customer_request,processed,merchant,2025-02-19 03:32:55 UTC,2025-02-20 07:32:55 UTC
ca9e609c-c948-445a-8e22-d61b1f4e0620,e57ab556-ae03-41f3-b484-56a5a7460d51,7c7b2cc8-c25d-430b-8b7f-a44248d82d8a,253.81,False,product_not_received,processed,customer,2025-02-07 13:53:12 UTC,2025-02-07 14:53:12 UTC
0e22255e-8e01-45f3-985b-bb9b599ddb3e,eeea10ed-ad37-4c17-9a6f-a616a642b3d9,ef2b0b31-75d0-4403-a0d4-9a197ae84964,110.34,True,product_not_received,processed,customer,2025-02-26 03:02:37 UTC,2025-02-27 05:02:37 UTC
b42070f9-6c4f-4737-b7a4-4259cc3d6c15,cb972110-b116-4198-a95e-cdf147477770,cad4664a-88e1-4bf0-a86b-53847675c675,26.18,True,product_not_received,processed,customer,2025-01-29 14:02:33 UTC,2025-01-29 17:02:33 UTC
b4366b18-0271-4d53-bd94-d070f50da4d8,6181278b-11b4-48ed-aae6-5342962e918f,368e713c-5cc0-4cb8-a19c-c27d20d9fd7f,122.66,False,duplicate_charge,processed,customer,2025-03-08 08:41:47 UTC,2025-03-09 01:41:47 UTC
edbbed52-51d4-4b29-b7be-5538e968da82,049725d9-b4da-47e0-9e92-4189c9a6d30e,e0141a5c-e62f-417a-8aca-31503bcb94b4,292.04,False,customer_request,processed,merchant,2025-02-04 12:11:22 UTC,2025-02-05 13:11:22 UTC
878b50e4-3141-443f-98dc-7216b229c3d7,f2e025dc-1534-462e-9bb9-4e43189b0844,a8d9b4f9-014f-462b-86e4-4bb0a654d714,306.71,False,product_not_received,processed,merchant,2025-01-22 21:00:23 UTC,2025-01-23 04:00:23 UTC
bebeb99c-1f28-4cb5-aeef-4e18a540ea12,a0a3f6bd-8152-40bc-befc-898892b77d45,1b505dd3-4164-46bb-bbe2-46baf532faf3,18.13,False,duplicate_charge,processed,merchant,2025-02-01 23:38:23 UTC,2025-02-03 06:38:23 UTC
228df71d-3c86-49f7-9bac-2a19e826b3f9,4de82798-c045-4edf-8ad6-c59187e59a8d,9ba4cd80-8750-44ee-96ab-7b205dbbf1ad,43.6,False,product_not_received,processed,customer,2025-02-27 18:10:27 UTC,2025-02-28 05:10:27 UTC
b99cdd18-07f4-4312-88b9-3754846481a3,f8483b82-2d72-440e-9bf0-7a0ce12ded82,2814c54a-ff07-438e-b30c-de7880a602a1,15.02,False,product_not_received,processed,customer,2025-02-11 17:33:39 UTC,2025-02-12 09:33:39 UTC
738553a7-0017-4653-9b53-054368c5d3b9,fb361dc7-1177-49e1-b4db-a53198102b1f,e161722c-1af5-43f2-87f9-2d49c8f5f703,140.56,False,product_not_received,processed,customer,2025-01-27 08:43:05 UTC,2025-01-28 03:43:05 UTC
e14232fb-fe54-4c20-8e24-0ae69be472f1,18ab7585-da15-49e3-9f12-0a508f1c6ecc,cbb12cdb-b522-4223-8030-ccf182dcc6d4,112.76,True,duplicate_charge,processed,customer,2025-01-17 02:28:45 UTC,2025-01-18 07:28:45 UTC
2cd75460-6f3e-46f5-8cba-afeab29ecabd,2b438cac-5561-4b06-a64e-3eccbc1aca36,0015f5a5-e26f-4368-bf04-1a1c396334ab,96.94,False,customer_request,processed,customer,2025-03-04 16:18:58 UTC,2025-03-05 04:18:58 UTC
d5452213-8ba2-414d-87b9-5647dcff7a9c,ade1bd36-f818-4867-a4ba-f449f95b7b0a,3494cc37-876e-42ec-be1a-a7d005906343,63.49,True,duplicate_charge,processed,merchant,2025-01-22 04:37:23 UTC,2025-01-22 16:37:23 UTC
ff0c062a-ca25-490b-a373-16aec4e2f1dd,ef1b77d7-8f8f-40ca-8190-480ff3fe5fe6,7f5570f0-9b5c-4c18-b55c-2bfc27076bc9,200.74,True,duplicate_charge,processed,merchant,2025-02-15 19:47:30 UTC,2025-02-17 11:47:30 UTC
747292c7-fba6-45e0-846f-b9c14dfe5c6d,03138467-1b3c-4666-9983-c1b666fbb577,3eb83e33-98e4-4c12-b62d-e89f4090ee21,290.21,False,product_not_received,processed,customer,2025-02-20 09:20:05 UTC,2025-02-20 21:20:05 UTC
a0b261cc-b0e7-46d1-be6c-26e7c32e3855,838bfc79-a088-485e-99cb-063dc5d6f360,bc83cd51-8c3c-4e24-91f7-0d239cb7cc42,122.57,True,duplicate_charge,processed,merchant,2025-02-15 16:08:40 UTC,2025-02-15 19:08:40 UTC
4f84d7ce-65f2-49b3-9cff-6b9d9ee465e0,8cbcae27-3286-4104-906f-59052c032dec,c941a10e-8b5b-435b-bde9-49d8a891ee0a,11.07,False,duplicate_charge,processed,customer,2025-02-13 06:10:43 UTC,2025-02-13 19:10:43 UTC
9aa8d114-6ec7-48df-a06d-bdf7a3d523b9,d331c95b-9e67-4f2c-b0a7-fbf490e5d2f2,fc13036a-f9ec-4d3e-9337-50d6f03c32ff,466.03,True,duplicate_charge,processed,customer,2025-02-09 09:04:35 UTC,2025-02-10 08:04:35 UTC
904cd45c-39f1-4c17-876d-53fd6e0bc786,801dc07c-b19a-4f35-9f56-8e3f6174d09b,368e713c-5cc0-4cb8-a19c-c27d20d9fd7f,274.31,False,product_not_received,processed,merchant,2025-03-06 03:46:59 UTC,2025-03-06 09:46:59 UTC
c3da1cf6-931f-4556-a8f0-b4419ac573f4,c3a60f9a-5b5f-469d-be7d-a29cc4eee98a,ae719922-3f37-4f0a-8777-a725a5b6b927,174.82,False,duplicate_charge,processed,customer,2025-01-06 16:57:40 UTC,2025-01-08 15:57:40 UTC
aba8ad6f-b29a-44d4-80e2-7d3897bf8ce4,91ea6116-e5f1-4126-9080-845883ec059b,ed94c188-8378-4890-ba53-0d246fa9facf,83.47,True,duplicate_charge,processed,merchant,2025-02-21 07:42:09 UTC,2025-02-21 16:42:09 UTC
b3664688-e331-406f-b4df-4b30e1aace37,df62cd91-7a6e-428b-95eb-dfa9fb367420,53f0a5c1-bcf9-4392-b11a-e043a11803ec,76.1,False,product_not_received,processed,merchant,2025-01-23 22:51:48 UTC,2025-01-25 01:51:48 UTC
5bf477d3-8331-43d1-a6e9-89f93668bcf1,cfa9fba5-3fa7-4642-aa92-f10106421c90,5ddd51c3-e3aa-46e1-b453-07af2cebb843,47.76,True,product_not_received,processed,customer,2025-03-11 02:14:56 UTC,2025-03-11 11:14:56 UTC
2bb9cc33-39fa-4664-b4e9-05940ea9bc4f,d6d95c79-e7ec-4012-ab81-587b23ee39e6,e1d8b127-ded8-4148-9dbb-ed90a9fe3abf,242.88,False,duplicate_charge,processed,customer,2025-03-10 13:22:11 UTC,2025-03-11 09:22:11 UTC
d22153f1-2835-4aeb-9029-fb3a225a82af,8852afb0-db3c-4ab2-9f87-edcbeb33e20d,d90225de-51ba-4129-b1f2-33acbba6fcfb,92.5,False,duplicate_charge,processed,merchant,2025-02-10 01:40:17 UTC,2025-02-10 21:40:17 UTC
7adbafac-a22e-48f5-85ef-27a1f4310800,f5df2bb3-47fb-49e4-bcbc-5ec958d2079c,463deca1-cb50-479f-9e6e-3589a1d53331,159.79,False,duplicate_charge,processed,customer,2025-02-28 23:08:29 UTC,2025-03-01 19:08:29 UTC
53b49d47-ae0d-4410-ad4c-4cf6e16f5d91,884ee319-dd89-45ea-a437-62e9f661294d,e0b66f9d-2363-4001-bf69-92f6be0927bc,120.81,False,customer_request,processed,merchant,2025-02-02 17:10:46 UTC,2025-02-02 21:10:46 UTC
3facd806-7b02-4c98-90c8-94a84d973e8b,0193b501-bec8-4f99-9d2d-e912480cfee2,ba64665a-df39-479e-b272-20e27af24d3e,110.78,True,customer_request,processed,merchant,2025-01-11 23:07:34 UTC,2025-01-12 11:07:34 UTC
a2753ff8-c817-4cea-8cb0-7d6b9ed70cb1,72425968-a7be-4cb3-9e48-447305468c90,a4bb8ea4-dd4b-42df-86a8-71fb2831e138,158.57,True,customer_request,processed,merchant,2025-01-31 19:16:37 UTC,2025-02-02 08:16:37 UTC
71c8adc7-23c2-43cc-afc6-679868e8800a,a8dfd04c-07bd-425e-a39a-c9b19266cc2c,240e6377-0056-4c93-8736-86fef7cc0969,224.25,True,product_not_received,processed,customer,2025-01-24 21:50:10 UTC,2025-01-25 13:50:10 UTC
3865e9d9-4a7b-4e50-8e5f-0dc94e4485cb,23159802-ec69-4f77-808c-d89623bfe214,899f11f6-2893-408f-9164-bfbfeb6b346b,158.38,True,product_not_received,processed,customer,2025-01-27 06:08:52 UTC,2025-01-27 15:08:52 UTC
707a8347-19e9-4236-a29b-8ba8e5d752f3,e92afeca-94f9-407d-8ed4-4b119d607ecc,efb93144-ca48-428b-9745-112aa74d82a5,141.89,False,product_not_received,processed,customer,2025-03-03 06:00:14 UTC,2025-03-03 15:00:14 UTC
8fff74fb-7d3c-47d0-af35-97055a7a52de,8311ea12-f6b1-40bc-a494-7069c6c2387d,6f092939-d01c-4a91-b714-0966e1285797,3.04,True,product_not_received,processed,merchant,2025-01-27 06:32:00 UTC,2025-01-28 22:32:00 UTC
bd31d21e-088e-4e09-a9d0-9071e18bfbdf,27925e02-183e-49e7-931d-186780134ae3,7132f499-91e8-4a54-830e-730c3616d206,251.32,False,product_not_received,processed,customer,2025-01-08 05:26:28 UTC,2025-01-09 08:26:28 UTC
1094ce83-8694-4e65-a052-b1ba3136b62c,8f6d34a5-e833-49f8-be09-02813c1a0fbf,e1e6ca63-10df-4e0b-a008-6fa335062b0e,106.31,True,duplicate_charge,processed,customer,2025-01-16 03:12:47 UTC,2025-01-17 12:12:47 UTC
94031a46-d671-4a4a-bb97-02ba7d148bee,9fa8958e-0ad9-4d1a-8900-e3f4efdfc5ec,a53133dc-e189-40b3-891b-d89a3671fce4,80.95,False,product_not_received,processed,merchant,2025-03-04 17:04:40 UTC,2025-03-04 20:04:40 UTC
b9e941de-2096-4d1f-b716-53f80ad41ea6,abb90e2e-7fb8-426e-ba31-4c7bd171ea14,fd7c782d-0626-431b-9fe8-48bf983fcbad,125.04,False,product_not_received,processed,merchant,2025-01-22 16:51:50 UTC,2025-01-23 18:51:50 UTC
fee01141-f5c3-4959-ba29-830863b83556,d51d4bba-c18f-430b-a8ac-fb6f8d613439,ee6a1ce8-f1c8-40ed-bbc2-3f4dbf536c03,169.03,True,product_not_received,processed,merchant,2025-01-03 11:23:09 UTC,2025-01-04 05:23:09 UTC
