id,authorization_id,reason,initiated_by,voided_at
27fec828-591d-4096-8dd9-4f4f8269ac85,c69d7a0b-35d1-4a0f-ab29-ca9192be1bf7,timeout,merchant,2025-01-02 02:32:50 UTC
ed8f2842-6a9d-4339-9dda-a4f81cfd1585,14d2a764-5200-4237-b00f-c78f5c752788,timeout,customer,2025-02-21 19:49:38 UTC
9dcd376e-e679-4378-afa7-9d5f4d05e955,7e2ebaa5-6bfd-4c03-b29c-3e604cd9d4e8,customer_cancelled,merchant,2025-02-02 06:33:16 UTC
c2dd7453-3146-416d-8508-c2c5c6c382a4,f775ab1c-52ef-47fe-8693-b874422be362,timeout,customer,2025-01-27 07:02:41 UTC
e0df44bb-9bbb-4041-90b3-f0b04ca93859,744823d0-b062-46f7-91a0-3c5860a29eb2,customer_cancelled,customer,2025-02-08 09:40:51 UTC
197bdb40-7747-4388-b7c6-5c278962be55,c8362f6b-f90f-43c1-bdb3-facc30824a9a,merchant_cancelled,system,2025-02-27 06:08:43 UTC
58198b52-3837-4ab0-b31b-8908b9d4a07c,f735e0fa-4bea-469c-97d2-719ad037d5f1,customer_cancelled,customer,2025-01-22 07:12:02 UTC
f3cf36a3-912a-47ca-8f72-bc178a7e01ac,c693aca9-14d1-4c21-9e02-fe61abe25581,merchant_cancelled,merchant,2025-01-30 05:47:50 UTC
1d5b3770-45ca-43cd-bda1-347f282b2436,444f6142-818b-431d-99f7-266a4abefad1,customer_cancelled,system,2025-01-04 17:22:43 UTC
3d7c868d-93e1-4ad6-9aa9-f984c17ad93e,727d68c6-5c3d-4b4e-96f4-74235c3e6baa,merchant_cancelled,merchant,2025-02-23 02:19:26 UTC
c243cf2d-5e46-416c-bda2-f2916a9677b7,7a9cdef8-06b4-4919-98f0-155b4ebcc8a3,merchant_cancelled,customer,2025-02-07 16:34:57 UTC
771feb20-0f76-4c0a-bd42-84ebf3da911c,c0351dc5-c048-4d72-a48f-acc25ea45ad2,merchant_cancelled,system,2025-02-03 00:54:33 UTC
e37cfbae-fa24-40da-842c-03df84e82934,e4924e73-5dea-4c44-9380-52c26495b326,customer_cancelled,system,2025-02-22 09:01:25 UTC
6ce5e299-12e8-41e1-8e98-5a50ed4c0918,f273d604-4e59-49a4-b18d-e4c29a3def18,merchant_cancelled,merchant,2025-01-10 19:46:04 UTC
b0a4e274-c153-4847-84d8-b41795824e84,1a361bb4-0a79-4b49-b602-4aaad2a434b0,customer_cancelled,customer,2025-02-20 04:41:08 UTC
aa22b734-b761-46de-981f-9687b5c686e3,b6c4f860-851a-486d-b36a-d19f8a271565,customer_cancelled,system,2025-01-10 06:49:30 UTC
195971d9-bfab-4794-b648-cef8ef27ea47,327d4d3f-5fb7-487f-a972-131bb20d9fc0,merchant_cancelled,customer,2025-01-23 16:07:40 UTC
3663617e-38e9-4cda-92b5-3d2e5cb7cd28,38083944-6f97-4a14-a6e8-2328fbc6f89b,timeout,customer,2025-02-19 14:37:04 UTC
af20747b-a76f-436e-8ae3-8cdca636cdde,39a65aee-944b-4d32-83b5-0d2e82bc369f,merchant_cancelled,customer,2025-02-22 15:27:42 UTC
4f0f5980-53d3-4d5e-9255-13787bf4dd9c,a97ff316-3160-4e5c-b200-5b3381248445,timeout,customer,2025-03-01 05:52:49 UTC
77ae234a-d5e9-4f40-b646-10100970a434,a5f8df03-ee24-4dc1-8b20-6e0cb6426c3a,customer_cancelled,customer,2025-01-26 11:10:03 UTC
56d2c087-aa26-4f60-bd2c-a1c97c3299ec,2aed925d-6f13-42b2-a8f7-7b909f30e59a,customer_cancelled,merchant,2025-01-23 23:41:30 UTC
8e02b728-7dd6-410d-8abd-cc36697734f8,6fdfe3dd-1849-47cb-b430-9486eb836781,merchant_cancelled,merchant,2025-01-08 18:14:28 UTC
1bf877ff-62d8-48ff-85e8-481c9b5f68d8,34885eff-59d8-4e30-8b25-dc5dd0dca1a7,timeout,customer,2025-02-26 09:46:31 UTC
4c34f598-3725-49d9-a237-fa57e92c5fda,7c816138-3a01-49b1-9f70-5de36150fae6,merchant_cancelled,merchant,2025-01-20 22:47:05 UTC
7ac6b577-81e7-440b-a94d-66b3b06f78a2,bb90b130-3ef8-43e3-aac1-38247d1d3c2d,merchant_cancelled,merchant,2025-01-20 05:11:06 UTC
0556754a-afe2-44fa-afe4-3514a42a75fb,ba2bcd02-9edf-4b14-b0ac-116a77d7197d,customer_cancelled,customer,2025-03-01 20:21:31 UTC
de12d8f5-2976-4e24-af57-d42f6b3ba1ca,4e5f04f5-2557-474d-90ba-425a76164f11,customer_cancelled,customer,2025-02-10 01:42:25 UTC
7aaf47cc-a4f3-4424-9572-04614df7d3e5,8b30948f-9172-45ab-95f7-25ca801b0378,timeout,merchant,2025-01-18 15:09:54 UTC
d7d7c527-ff75-4ad0-aac9-8b7a306151c6,34993a58-54eb-421d-a079-b836170e2d02,customer_cancelled,system,2025-01-21 05:10:08 UTC
d6cc63e6-2ac8-451b-a40d-8be3e5a55d73,51db8069-5891-44d3-b87a-e974ade343f1,timeout,system,2025-01-28 09:01:00 UTC
2b2524ef-d3e7-48c0-aced-a8b91efbe435,1b5b0123-94f7-4c23-b324-237370b38f6d,timeout,customer,2025-02-10 08:49:47 UTC
e175417e-1ed8-4745-87d8-75600ff4fdfb,1f0a3197-2d50-4bcd-94dc-ab6f7b54e3bf,customer_cancelled,system,2025-02-21 04:07:15 UTC
3a960b81-0a83-4764-b689-95c6a33dff87,c6bbfc3e-e9ec-4edd-a9f4-2ff529a483dd,customer_cancelled,customer,2025-01-24 13:14:31 UTC
8753f7a2-b104-4c40-bde7-8666f81786de,366fd9ce-3007-4164-9ac8-fea9f1cd3041,customer_cancelled,system,2025-01-26 06:23:15 UTC
10ad7539-0094-4f9a-ad70-fb0c75e7962a,d478b14a-0cc6-44bf-bb25-a57e52df1cda,customer_cancelled,customer,2025-01-09 19:24:39 UTC
63f280e3-a8d1-4673-a1bc-1fc0a9cc6e00,6c383be1-c904-40f2-8b3c-8b55a64743bf,timeout,customer,2025-02-10 03:46:42 UTC
a1fcb68e-57eb-4396-a68c-a98ac450c8b7,4e64562f-3b7a-4049-8d86-16c7cb1f6808,customer_cancelled,merchant,2025-02-08 22:47:01 UTC
0f8e5e53-bc94-47d1-ae27-3d2af252f9a4,92f4fc58-26e5-4764-9445-408edd77cb27,timeout,customer,2025-02-06 03:15:51 UTC
2ff19cfd-2d1e-4aa9-95fb-5874a1b5d3e7,f9643a0d-46b5-420f-982b-4f3bf7cf4318,timeout,merchant,2025-01-09 03:30:10 UTC
a314308d-5693-4636-8a89-a5b22c0ce892,f0f6c2b3-706d-4cc8-9e39-4940dcfe708d,customer_cancelled,merchant,2025-01-08 21:56:20 UTC
543721d2-b28d-484d-8c55-e2bfbea82cef,a5ff81e6-7e38-4b6a-9967-3468ebf9b433,customer_cancelled,system,2025-02-02 13:17:30 UTC
63ae7f7a-ba4a-40c1-897e-8202588e31e4,cef5b5fa-9374-499f-806a-22d575a48b20,customer_cancelled,merchant,2025-02-22 23:33:46 UTC
cf602963-215b-4eb5-93b1-cb6484c16528,4ca03280-4491-482c-82f9-577e6809ab00,merchant_cancelled,customer,2025-01-27 20:27:45 UTC
cd7d03a2-8422-439d-bc63-c84f299a54c7,6857daed-943b-4758-80a9-48dc66b831b3,timeout,merchant,2025-01-11 07:31:22 UTC
6bce9719-96f6-415b-a4f0-cb46aafd1e71,843d7142-6d71-464c-ac58-fa6a040c5860,customer_cancelled,system,2025-02-27 06:09:58 UTC
05b05403-f5d9-494e-b6fc-b99ff235ad7d,e3382a56-3b4d-4b2b-bf86-5594b5d619e4,timeout,merchant,2025-02-22 06:34:57 UTC
7520d9e8-9057-45d4-b83e-9e36aae54312,52248ba0-25db-42ff-89dd-e523caaff334,customer_cancelled,customer,2025-02-22 01:04:05 UTC
40cf5f84-0693-4462-ae68-9d691da0adb3,a15e2cee-31c5-45c0-8655-bfaea0b184ee,customer_cancelled,merchant,2025-01-31 12:32:04 UTC
d3ec94e9-01b4-4652-9c28-3969d5bd0d9d,970c8947-1321-4b2b-b1a1-d488bc0fab6b,customer_cancelled,customer,2025-02-19 21:11:02 UTC
f2d79574-0a0a-48c7-9e5a-9a7a1be284b7,ee3ec345-f8bc-4fb4-b50a-80dc0a2d17f7,customer_cancelled,customer,2025-02-03 17:53:31 UTC
772fecc4-850e-4536-b6db-de6eeca76b61,57b01a67-d498-43d7-8b73-05b35d1e7774,customer_cancelled,system,2025-02-21 09:17:34 UTC
45f22cd1-1f9b-4db4-9e18-1176253bc54d,f29b77bc-0aa8-4187-ac56-69581e22482b,merchant_cancelled,system,2025-02-13 12:10:19 UTC
0500c3b6-5db7-42fe-bc5c-cfcf2ce35dc4,5bc4ccff-dcef-445f-a620-1949eafa9178,customer_cancelled,system,2025-02-28 09:14:24 UTC
a9870d31-3ae4-479a-87c2-f87bf92256d3,6ea844d9-8f94-4f7b-ba66-7ef1a05637d4,customer_cancelled,merchant,2025-02-18 20:45:34 UTC
bc018b81-16b5-4e46-8f62-35ab4878f1b2,7008ba99-674b-49e9-bebf-75c250dc8d97,customer_cancelled,customer,2025-01-12 16:38:13 UTC
3b80e585-eb22-4b40-bdaf-32d36acaf1ce,23af10e0-7129-4e7b-91ef-28acc34215a5,customer_cancelled,customer,2025-02-07 05:44:43 UTC
a32335b0-07a1-4774-8c93-746931f1075b,6d8ec80a-3607-40ed-ac3b-3feb552bfc9e,customer_cancelled,system,2025-02-02 13:03:35 UTC
50519c04-256f-4463-8550-3748b1da546a,f2dbbd8c-0df0-4774-9d7c-3701f18fbd6d,merchant_cancelled,system,2025-01-01 03:52:14 UTC
2ce68789-fc95-4d77-8e32-e28c466f1365,3dd41a03-d3e6-40fe-b85d-b59e4113ced9,customer_cancelled,customer,2025-02-11 08:10:16 UTC
941a57fa-e887-41c5-ade9-c86e83e9d006,fde56354-b79e-4fd6-b748-0ec5320b73db,customer_cancelled,system,2025-01-01 22:11:17 UTC
40665053-c0f7-4bf5-804d-6b89b69d3662,4fe76bd6-f9f5-44f5-9389-3f0d61289c7b,merchant_cancelled,merchant,2025-02-04 00:06:15 UTC
6cfc0b0e-d426-4a20-8c3a-50a812f382fd,61d394b3-0da1-4aea-a000-9f46682f56e9,customer_cancelled,merchant,2025-01-20 02:34:51 UTC
5cd4a56d-a047-4317-914e-e826af72d39f,bfeaa2ca-5e85-4457-b62b-9e6a057d5550,timeout,merchant,2025-01-22 17:31:48 UTC
bd0fc8da-5771-452c-a336-b48dddf28a7b,2f239206-54a7-446d-b103-ab13a5368f66,customer_cancelled,merchant,2025-01-07 06:34:24 UTC
f4fbc394-eab5-4d71-92dc-a325cb712073,a96824f6-1646-42d7-85c3-f162328e7cec,merchant_cancelled,system,2025-02-25 11:03:21 UTC
1ba6996e-da24-4d3a-9a04-54154eecbb96,bf9d17d6-89d9-42af-8c62-e21ce1f1beeb,customer_cancelled,merchant,2025-01-31 05:10:08 UTC
d7912f03-4931-4890-b690-572e9715a91b,a7781bbd-f440-47cc-b7de-ab2bee07de2e,customer_cancelled,merchant,2025-02-10 23:06:45 UTC
6080a64c-455c-4739-bfb2-3eba7f7db7b1,6bb051e9-ce4d-4ed6-b498-8e71c4665b47,timeout,merchant,2025-02-10 16:08:36 UTC
8ea41bb4-2137-420e-9c57-90bd8c185443,21925f08-0ab2-40bd-985f-226da8ee376a,timeout,customer,2025-02-14 08:11:52 UTC
ca505f61-0ef4-4f54-9184-c9c8068e4457,0672c7d5-f821-4a80-8788-d809f601efaf,merchant_cancelled,customer,2025-01-31 18:15:31 UTC
45587e1b-1dd9-404a-8a28-c5af1bdc0334,063c098b-6bd3-4f60-8fae-494d608a5dc8,timeout,system,2025-01-18 03:45:45 UTC
27404ec0-8eb4-4c84-8adf-2a620e50a32e,4533c4e6-6101-4ac9-83fc-f307d2d40775,timeout,customer,2025-01-10 11:33:45 UTC
dbd9424c-9b96-488d-89df-dd23e8b53fc2,b63d77a3-5461-4850-b592-8c2b92196ff9,timeout,customer,2025-02-05 08:16:58 UTC
6b344688-21a1-4d59-8c8a-575e4dc9a5d8,fd33fd30-ad67-4319-a760-aa139ab76839,merchant_cancelled,merchant,2025-02-17 12:32:17 UTC
5fefd24b-b9ea-4f66-864c-18b09babbdcd,f77536ba-121e-478c-a00e-2485ce069166,merchant_cancelled,system,2025-01-23 09:42:03 UTC
baa8ed8b-111b-4269-8a58-ac849f6d151c,20595dd2-6035-4b48-bc2d-a3fb631e00fe,customer_cancelled,system,2025-01-13 21:10:19 UTC
63369bd3-4001-4632-8370-c3b5fc5790bb,65519f8e-36b5-42cd-9d4d-87a159f44457,merchant_cancelled,merchant,2025-01-17 18:26:38 UTC
59fa7282-00c4-4e92-8641-44e985bec500,37f17f82-99a0-4aa7-88f6-ab0cfc4923be,merchant_cancelled,customer,2025-01-02 18:34:17 UTC
7fa6c373-7adf-41f5-8dca-46e7c83dedb5,cd835f37-4d0f-46a7-a62e-02198cab5f0e,timeout,merchant,2025-02-23 10:11:13 UTC
18cf8fda-42ce-4ac7-9dfe-6ae37b01cd13,fc12b179-7382-40bd-b612-8258dc6c57ae,customer_cancelled,system,2025-02-09 08:19:32 UTC
31803622-48dc-485a-aa2e-8e70fee26de7,03fc680d-8a37-4a33-9e82-499502da3931,merchant_cancelled,customer,2025-01-19 21:39:03 UTC
712538f7-148d-4d11-a72c-5a71592edc4d,0320881f-1274-4e60-a94c-88341113f5b1,timeout,customer,2025-02-25 08:15:29 UTC
bfa71363-1171-4ea1-ac68-18b3898fb943,3d5e02f9-af26-4e6b-8372-bbe912cf684d,customer_cancelled,customer,2025-02-07 09:31:42 UTC
e0c497ef-4a4a-4c90-b2dd-787068676176,d81c92f6-6029-4b88-b3ba-b3030e3e7604,customer_cancelled,customer,2025-01-24 00:33:38 UTC
4852faed-0b73-4ceb-a599-21392dd07b67,4f4b4ade-dc30-4d06-9e35-31e0327466e9,merchant_cancelled,merchant,2025-01-12 03:17:06 UTC
6c805e7c-3312-4b41-a934-9df171ba2ae7,060f3f6e-ac7e-4015-9ee6-ce31095fbd1e,timeout,customer,2025-01-24 04:42:26 UTC
c76436c3-75d8-4ecc-a2c4-012ae601d8fa,54f4af33-2a9e-4a3d-8b1f-0324e8e21f39,timeout,merchant,2025-01-16 13:10:05 UTC
75ca1d13-b806-46d7-9d82-111a7ac7c36e,8c7bb2ae-f10a-48e9-9b11-dd1e13c463dd,merchant_cancelled,merchant,2025-02-19 20:59:51 UTC
25107a30-cb4e-4766-a083-2eeec570f5d7,cf55e0a2-24fb-4f6c-a5f6-08d850b0f120,customer_cancelled,customer,2025-02-08 17:50:06 UTC
124047fe-ae32-4c41-aa38-fd9bd21c8a3d,6836c0a8-1fbc-4649-947c-95cd2de6f0bf,timeout,customer,2025-02-18 06:39:40 UTC
3f4e586b-056f-4ade-8a7b-49b53eba6926,31853454-3af0-4814-989b-a9ec2cccc09a,customer_cancelled,system,2025-02-12 08:02:09 UTC
6edb36ab-4baf-4daf-a749-96bb93236ac5,daa7f2e7-8cfb-49e8-a38a-c4e6897aebe6,customer_cancelled,customer,2025-01-30 10:31:18 UTC
0199f607-2214-47f4-87f7-e8f103b3bd04,d83a636f-2050-4467-b535-951831c5215b,merchant_cancelled,system,2025-02-14 13:39:38 UTC
7546b3bc-bb56-40d5-b343-568a064ffa08,fc3b23ab-9334-4c9f-93da-17efd955a89d,merchant_cancelled,merchant,2025-02-26 02:51:57 UTC
18e562b0-8d86-4c4d-8791-670e06e423f6,bfb79439-4c12-4f50-9e57-71822f790ac7,customer_cancelled,customer,2025-01-19 06:53:07 UTC
9b6955e1-adf6-4205-b27c-052ad8c517ca,1f7ac20f-c682-497d-89fe-fd15a40da89d,merchant_cancelled,system,2025-02-10 17:52:51 UTC
c0fd5292-c306-479a-a637-d761cc83f0d5,de6a7405-2781-4f87-889a-1be4339463a7,merchant_cancelled,merchant,2025-02-04 01:56:54 UTC
76c2759d-7cb5-4473-a7c3-5fd3a6d29a50,b89393f6-bcc7-4f1d-af81-ea7b9885c3f6,customer_cancelled,customer,2025-01-29 09:01:12 UTC
5ad25990-bd2a-4054-9f65-d2190f9a98d4,4949e73c-111a-4238-90d1-7afa14aef269,merchant_cancelled,system,2025-02-17 07:43:46 UTC
83ca2f47-4e09-41fb-8f61-c51d7a357667,fd2b1faa-17a2-4bf8-83a5-46e907179156,merchant_cancelled,merchant,2025-01-26 13:39:52 UTC
99984ab3-cc99-4a28-a57b-238d34446aef,f6d3eabd-6aa9-4dac-9066-95f18e3f9678,merchant_cancelled,system,2025-01-22 07:16:45 UTC
3f90826b-7d19-427b-8827-2a01c8fe0c01,08f28375-5878-4961-81fa-0d9a372ff952,timeout,system,2025-01-31 19:28:10 UTC
b872d955-f4a2-488c-b912-e7cb156819e4,e247a613-b283-4462-adfc-e930462c9124,customer_cancelled,customer,2025-01-26 00:24:47 UTC
9c93bb52-ff2b-4b30-b2df-fd6d088d2867,2a6fb866-92b2-4d40-9307-5b17df7ceb03,timeout,system,2025-02-24 12:45:07 UTC
5f2ca4c7-f85a-4eef-b0be-9c513e3b6982,befd3460-6d8b-46f0-868b-28a38d315f84,merchant_cancelled,customer,2025-01-22 21:02:22 UTC
7b8e50e9-2318-45e1-a034-aa15d64c0c0c,5fc6a122-39a8-4385-bc3d-21a84af1f604,timeout,system,2025-02-12 03:08:39 UTC
79e1dfdf-3d44-4bff-b167-989d4b5a0076,130d673c-d531-4c3c-b87c-538cc6c47727,merchant_cancelled,merchant,2025-01-18 08:24:04 UTC
254acdaf-80f9-4291-9340-929262f5a425,a68c8904-a9fe-427a-a6c8-22b6182b07e9,timeout,customer,2025-01-10 10:09:12 UTC
aafb7f9d-77ed-4659-85a0-e76d0182b855,fef7ab59-f392-4b35-981e-a881f9a913b4,customer_cancelled,merchant,2025-02-22 22:08:03 UTC
2e828dcd-4031-4f2d-9cd7-ae1fa225d330,bee23fe2-3b70-4840-b9de-573398fbaf7f,customer_cancelled,system,2025-02-27 16:22:42 UTC
2164f677-97b9-48af-9364-b6b0f2ed4c8f,e272b499-132c-4d9e-81fe-ebcf0e585d6b,merchant_cancelled,system,2025-01-20 20:09:02 UTC
64449627-0956-47ec-b9a1-ffa41278bbeb,1a3d74a3-9de4-4836-8bf9-419f2c8fca21,timeout,customer,2025-01-24 22:39:04 UTC
ecad3dbd-3837-46b7-9abd-bf2d6d5a762c,14e24a2f-7a98-4a8b-bf5a-85140d1dcab7,timeout,merchant,2025-01-27 05:37:05 UTC
b6e61c38-3e4f-4211-a85b-c58e61a70b7f,5e1e5456-36e8-4536-b61e-a192fa439597,timeout,system,2025-01-17 17:11:59 UTC
c0bba77f-4207-44fc-aad1-0244d306375f,79c1f93c-de79-416d-9613-46ae3f271160,customer_cancelled,system,2025-01-11 11:50:49 UTC
1ac3a225-d660-4d42-8758-1067aa2d4f5b,687a5639-847e-416f-abc1-5f7889d6286a,customer_cancelled,merchant,2025-02-08 21:26:23 UTC
fa4f4ab8-5407-4da2-a9ff-d7de1882e700,0b2c88ba-5e20-498e-8164-001e0f0e7615,timeout,system,2025-01-03 03:09:37 UTC
2278fedc-9383-4fd9-8c69-598e87498fc6,af973ebc-928b-4278-bee1-5b3cae03f4d3,timeout,merchant,2025-01-07 02:37:31 UTC
fb9d8c5f-845c-4d48-ae6c-7b852168ec6f,3a6ecf0e-1b7a-41c1-9081-6545c038d6b0,merchant_cancelled,merchant,2025-01-17 16:05:36 UTC
84dc0fb7-1163-4be2-8271-d028d122f045,8326ea34-0580-4b8f-9bac-aecbd08642d1,timeout,merchant,2025-02-18 18:51:33 UTC
e0d02bf7-3369-4f66-8944-d807cda235e1,a96f490e-1ce3-4cac-b07f-fc50f496e4be,timeout,system,2025-02-23 11:31:36 UTC
f7284424-38e2-4f83-b941-8e43e72aa30e,370eb2c4-0e51-4afd-bebf-f2ad4c05a558,merchant_cancelled,customer,2025-01-30 05:20:07 UTC
d1b7822f-669c-415b-8e84-23bd36559515,47b9155f-5009-44f9-84ea-52d4044f7486,merchant_cancelled,system,2025-01-13 13:13:13 UTC
a0aeb8bf-2c36-4bec-b4af-b52b84ccb697,199efb7b-848e-4d32-8583-68cf8a17bebd,merchant_cancelled,merchant,2025-02-14 05:33:11 UTC
551ce31a-49a0-4510-8724-80b837309a14,32bb5acd-a7e1-4e01-b187-73b2655e1f35,timeout,customer,2025-01-28 06:20:04 UTC
6745b924-0d27-407c-95e8-b800d99642d1,3a8088ad-0efc-4f2a-8230-2bbf5d99ed5f,timeout,merchant,2025-02-22 07:02:00 UTC
65e63ac6-5b0b-46c4-bbfe-e6fad5c2684d,c18a621b-beee-44e3-9332-9b4d0cd180ec,merchant_cancelled,merchant,2025-01-04 23:19:36 UTC
293633e5-24fa-4404-909b-8f77312a4e46,5f6ae442-9f12-4156-adca-95c7df757081,timeout,customer,2025-02-28 09:33:47 UTC
16e761d8-2d1f-47bb-b7fe-132f29877c70,04187431-7157-43b2-ad86-6135100cbc28,merchant_cancelled,system,2025-01-22 10:08:48 UTC
440a138d-0dd0-4e2c-9cfa-7e9a79edcfd5,faf9f621-f3bc-4c60-a0e2-116273b18d81,merchant_cancelled,system,2025-02-14 04:15:53 UTC
db63ce4e-2508-48e7-a22f-95444c080e8b,941c79aa-6eba-4150-9c66-3675cf7ae35a,merchant_cancelled,merchant,2025-02-18 11:16:03 UTC
8a24a1bf-6bac-4f4a-a4d4-c3934bf4464c,1a478c65-630a-4983-b79c-698447147434,customer_cancelled,system,2025-01-12 15:44:44 UTC
e9647c45-f6f5-4293-967c-828673b1dfc0,5c4c9439-0955-45e9-8824-aeb7275cd83c,timeout,customer,2025-01-17 18:03:51 UTC
bb7da9bf-8d5d-4681-b290-dea3124441f7,107eed92-392e-48ba-ad06-425bd9026124,timeout,system,2025-02-28 03:42:32 UTC
54b891e2-dfcf-4fbc-a2d5-9ab27f76eee9,840573a7-7cdb-4391-b06d-d01051241d20,merchant_cancelled,merchant,2025-01-31 01:33:55 UTC
9d35ed13-c384-4499-9656-196af03a9033,995836c9-a471-4988-b79a-80e5f76aad4b,merchant_cancelled,merchant,2025-02-25 13:32:47 UTC
b821fe12-0ab0-4369-8c2a-fcfd3d0eec78,8062cbcd-2fc2-440d-9bfc-f3acea732b6a,timeout,customer,2025-01-13 15:14:54 UTC
0d1bb1ac-2a5e-42ee-8ffc-a685cbf32a8e,5e49a030-cc40-4e7c-89fd-a65eadb6975e,timeout,merchant,2025-01-31 06:03:50 UTC
0a72ee08-2cf7-4103-8cb1-340f5ffe2a9f,3879f2aa-0415-4608-b163-f034e174a743,customer_cancelled,merchant,2025-01-30 11:24:39 UTC
159a3616-1814-43fb-9b0d-1419823d0af1,fed850dc-b052-42e5-85c8-a56593eddfac,customer_cancelled,merchant,2025-02-09 15:48:55 UTC
342e7dbd-73c3-4035-a201-1ba0bef02f9d,3624fa1f-9c61-41f2-9630-c9147e33a726,timeout,merchant,2025-01-01 04:35:34 UTC
3fdc1f32-b6b8-4d44-a0d5-d8b422879ab5,92f359fd-a04d-4e8e-baf0-c5d56da60a67,merchant_cancelled,system,2025-02-16 03:18:19 UTC
aee3c9c9-d94a-4b67-a337-3a00107d1a1e,ee40ed96-7254-4c2d-abb8-893e6885578a,timeout,merchant,2025-02-08 14:40:24 UTC
d74096eb-b3bd-43ed-b0b1-ec23af685389,15ad6600-80c9-4947-8dc7-ed02186a504d,merchant_cancelled,merchant,2025-01-08 10:51:46 UTC
26cb347f-776e-460e-98d1-df3ad6550931,c983a983-70ac-4981-9fb0-33272008f2f1,timeout,system,2025-02-16 23:08:39 UTC
cc8fdf95-ff1a-4384-9e77-6c8552579d40,1400e93b-3257-410e-9787-4ad4e0905dc4,merchant_cancelled,merchant,2025-01-18 18:55:56 UTC
da663250-fa5e-4845-a981-6ed6ecf2cc1d,83266fa5-4a19-4be8-9ddc-f27b549ce914,merchant_cancelled,customer,2025-01-17 13:57:43 UTC
78e8f29d-407c-4bee-b6c7-35693634e934,d002f4bc-4979-42ea-aa02-05a3208eb312,merchant_cancelled,customer,2025-02-27 11:54:02 UTC
2ec94ef9-7d55-4e76-8897-d620807c2939,7ad4e99a-d280-4d39-b615-aa033c2361f7,timeout,merchant,2025-02-08 02:56:45 UTC
e228f8c3-0ea5-4e2b-99e0-120a70ff1328,fc1d3c70-28ea-4d34-89b7-207a0918a3ec,timeout,merchant,2025-01-25 13:21:14 UTC
14115119-28de-4ba3-af5c-7447cd9d49d6,d8b81ca0-dbad-4776-b331-23b8efe67312,timeout,customer,2025-02-07 08:15:26 UTC
8680d5ca-1c51-4c0b-8798-6f56dcdbfb0c,5ca557f3-da06-4bdc-b6d7-011c572ad591,timeout,system,2025-01-01 12:23:55 UTC
0d533f91-8022-4a6f-9250-6e406e492b4d,aa5857e6-87e8-441d-884e-32e1c7f15f6f,timeout,system,2025-01-24 02:00:29 UTC
686d3b8e-8e77-47ab-9235-f80ab1372aef,8b7fbe04-0b48-4ba7-97ae-7dabb7a6044e,timeout,system,2025-01-09 10:32:44 UTC
31842da8-4a8c-4f78-ae5c-4b4d560e8cd7,80a3ce60-1f66-4d5b-8e7e-b947b1746dc8,timeout,customer,2025-02-28 05:48:47 UTC
34a746c8-96b1-46f4-a398-25e431569ab2,c49d2310-34d8-4752-aa70-37179fda5c7d,timeout,system,2025-02-10 01:26:14 UTC
c43cf99b-9114-4d03-88c8-09f73798c41b,ad5020e2-8ebb-4997-ba61-49851518f0dd,timeout,customer,2025-02-15 11:10:28 UTC
359abf6f-9cca-428f-9378-21afdcf6c408,1601d184-c778-40ad-b6f0-1dfd28e4f2e6,timeout,system,2025-01-26 08:14:51 UTC
caafa7c9-44d1-423b-8904-dd3d23f10f79,e2802bb4-857c-4a0d-abd6-5dd2d48d784d,merchant_cancelled,merchant,2025-01-24 11:56:41 UTC
881ff07b-5cd9-48f8-b704-30c1fb1fa502,558de095-5097-4dd9-8c4b-90f241e2ede7,merchant_cancelled,system,2025-01-23 12:44:50 UTC
04e4d3bc-972a-4467-9893-078f018486bd,0f403d49-3510-4223-b10b-dc030c02ba4c,timeout,merchant,2025-01-08 03:37:43 UTC
ebb69731-1dc7-4ea0-9ff4-fd24a0d87182,f3c6c60a-19db-4f61-8b7a-f680ea158b8b,customer_cancelled,customer,2025-01-07 04:57:02 UTC
10aa7779-62bf-411d-b029-3d932b55d118,00edee90-2b32-4786-b61d-12ec7f4b8876,customer_cancelled,system,2025-02-07 01:08:31 UTC
b210c15b-b88f-495a-a2f0-7f6997dab8f0,9aebb4ff-1bd4-4fde-bb9e-e7d6b462460b,timeout,customer,2025-01-25 05:24:43 UTC
9bc562d6-39a3-4181-a207-cefd5f619ef1,f8000597-3f50-44ff-8374-33b01dddb033,merchant_cancelled,system,2025-02-16 18:07:28 UTC
735b6140-3f40-4146-9b21-28969380afb7,fcd511ed-a8f9-4a68-9f6a-6a9c895e95f9,customer_cancelled,merchant,2025-01-19 06:24:49 UTC
a31b7900-5d2c-40fa-a6f3-704651c42666,4892e280-d97d-4ef2-9c66-2cad0f284f2f,merchant_cancelled,system,2025-02-25 20:07:59 UTC
a372bf4c-cd0c-4d44-ad3f-7bd635a30918,235e0b36-d633-4908-b562-4b29af196aaa,merchant_cancelled,system,2025-01-02 21:01:50 UTC
cb60b909-d5c2-4c40-9488-1390b3f1561c,7847780c-44ab-4fba-89a8-6c084fb0d62e,timeout,customer,2025-01-25 13:44:51 UTC
9d9ee8ab-db9b-4131-a9c7-c3e3be741f48,7ca2db4c-6dac-4d94-8240-eaae3bd0ba89,customer_cancelled,merchant,2025-01-06 05:20:31 UTC
e7684b33-9bca-4096-bf58-1a0d169721bb,e75c7371-2638-488f-aa2d-d7abe3e25ef0,timeout,system,2025-02-09 02:51:41 UTC
e2c65086-2fa6-4088-935f-72b3f18fcdac,42fda61c-0808-4630-bc96-71c36c6a6f85,merchant_cancelled,customer,2025-01-21 22:47:37 UTC
013ff02b-5c74-42ef-843f-7762c4c3e658,50ebba63-1ffb-4f13-9999-12e40e077be0,timeout,customer,2025-02-26 02:52:22 UTC
95e5df28-9968-46d6-b660-97aac82a1e08,c6862069-b1ea-4d5b-a4ff-87886f3bbcea,customer_cancelled,customer,2025-01-16 09:52:33 UTC
a594726e-606e-4a39-9756-c9fd6e3271ae,c2b17037-f27a-42de-833d-3031d9881d9b,timeout,system,2025-01-25 04:02:37 UTC
45dfe717-b133-4476-a6c8-0c750b86a291,4c16872a-33a4-4581-8738-b0bd83cf55f9,timeout,system,2025-02-08 08:24:55 UTC
47d877a9-c53d-4166-9665-9ce3d2c7780f,65bd8347-e537-49ed-b079-22be92909d01,customer_cancelled,system,2025-02-16 03:00:37 UTC
7485b717-4306-4942-af18-d1bba98bf41a,64ca206e-058b-4263-87bd-26108eb5075d,customer_cancelled,merchant,2025-02-04 02:32:50 UTC
0bbdc92f-b85a-4517-a4ee-dc7694d6db80,86dd1d5e-9472-49d5-ba10-56befb0c3d88,customer_cancelled,system,2025-01-17 16:41:02 UTC
abd1899a-a4d2-4a1c-9593-08814a7e9685,5f48bf7d-79fa-46e9-a1d0-e2509f6262b7,merchant_cancelled,merchant,2025-01-12 03:55:25 UTC
841177a7-1b8b-420a-9cd1-ccab06b7c457,fa0164f6-2bf3-4a39-8b5b-690b8c078765,customer_cancelled,customer,2025-01-28 21:56:01 UTC
c9546f8d-4753-4a79-9f48-bf758634b1d5,b248e22e-270b-4ed1-9e36-6515d7649d0d,merchant_cancelled,customer,2025-02-14 02:54:08 UTC
6a4316fd-e3f5-4b1e-a499-5de58c6906cf,a6144778-9930-4e73-a442-84d956b48071,merchant_cancelled,merchant,2025-02-02 15:03:25 UTC
af2a6448-9453-41c4-bd3f-9768d168a225,6250e48e-c17b-4755-964b-34875d62d321,customer_cancelled,system,2025-02-14 17:44:52 UTC
1478c032-9786-4e80-b9ca-70d90ab987ee,a61f3058-c9bc-49a0-a10e-f95dc585af08,merchant_cancelled,customer,2025-02-03 05:31:54 UTC
ebc04b7d-5d03-45b6-8c3e-ddbc10a601dd,7a5e846b-2ca0-46bd-807e-aa3bd7768c58,timeout,system,2025-02-16 12:48:08 UTC
4ef58b26-5006-46aa-bb83-8e623436f7d7,e45ef1a5-383b-467b-92a7-aa137ee94189,customer_cancelled,merchant,2025-01-22 02:04:06 UTC
773a2738-3130-4890-9c70-dbe56bc114b1,fe7b5e2f-7a20-464f-aab0-89fabec0e4ba,merchant_cancelled,merchant,2025-01-29 23:54:36 UTC
68ebfe5c-56b9-4a0c-833c-8ca86736efc5,2816ec08-7760-4400-bdc1-7678095e3934,customer_cancelled,merchant,2025-02-01 08:00:59 UTC
13d3e338-c317-4b59-a603-873efff5a0ad,4f1d41e6-341f-40de-acb0-34cf6dfb4595,timeout,customer,2025-01-27 20:40:57 UTC
7e0d2265-9b05-4c06-9358-f8f25e81a997,68d66093-28ff-4d55-b63f-ef400d040c00,timeout,merchant,2025-02-10 13:55:58 UTC
944c7512-2020-4bc2-bf99-e587be734eda,fd32ddab-f4e0-44c2-96ad-33254d63a32e,merchant_cancelled,merchant,2025-01-21 21:09:40 UTC
cf715b80-ff96-4ba8-85af-910fd077ca4d,3102672e-9383-46e0-8210-db3e0abf2765,timeout,merchant,2025-01-23 10:35:40 UTC
922b1cab-51e7-491c-9bfa-8d0b79bb3805,fec8ed7e-9f2a-4e87-800a-69eeb19afe62,timeout,system,2025-01-23 08:23:47 UTC
4c21bfd8-c4af-467d-aefe-d8ff08122b20,a5281a83-4015-4753-85c5-622962e6ae93,merchant_cancelled,customer,2025-01-26 09:36:10 UTC
09cd75a8-0b84-4792-962b-580bd61457c9,b7bd3320-3b50-4d73-8f8f-ed27a2b79f43,merchant_cancelled,customer,2025-01-02 22:31:38 UTC
edbc969a-da25-4ed7-9ea2-d46a34f634be,e9d81ed8-2905-481b-a811-109c0734555c,timeout,system,2025-02-23 20:40:01 UTC
697a1d69-0c60-4463-9597-03bbcba2185d,9fb7636f-cba9-4b50-8fb1-b87581adb33d,timeout,customer,2025-02-07 14:44:14 UTC
ff216646-73b4-4dfd-8b52-db7aaa615132,4a3d44b1-9b7a-4c01-a900-746882aed205,customer_cancelled,system,2025-02-20 20:15:36 UTC
b7317013-dec1-45c3-a8bc-91df4c911ac9,b29b87cc-671b-4198-94e7-2681311193fa,merchant_cancelled,system,2025-02-04 19:26:59 UTC
9556b9bd-388d-4f76-b1f4-9c2d1d26c234,07e84ca8-fef9-4731-949e-588cd5732f66,timeout,merchant,2025-01-18 13:57:38 UTC
f71888f5-ecfb-4820-9540-9279916909d7,714a096b-a7b4-4dd4-8184-b25ade3c35fd,customer_cancelled,merchant,2025-01-15 19:06:49 UTC
319bfb42-44b6-4294-bc8b-fb916bea1992,e3993b50-e85f-4017-9dd7-d400b4cba7c0,customer_cancelled,customer,2025-01-28 05:43:24 UTC
95c8c87e-61a2-44bd-b8f1-6bf985988e4e,2f1d1b8e-e6a9-44bf-b598-dbf0e9b72036,timeout,customer,2025-02-08 15:50:49 UTC
db06136b-26e4-478a-b5cc-3d68d4adce93,6452f9cf-4df7-4164-808a-b420ed86e13e,customer_cancelled,merchant,2025-01-17 14:12:43 UTC
2e074438-28b6-41f4-85aa-f20f6af05b3f,968c54fd-92ce-4fc8-950b-664982d74c9f,timeout,customer,2025-02-03 08:32:09 UTC
d59c611e-af80-49b1-8dcf-991c86d320b3,e8de8007-10ff-4bcc-8fa8-e428e6601b0b,customer_cancelled,merchant,2025-02-22 16:59:34 UTC
f1baeb55-b4b0-4a24-b923-a761a7fafbd4,746283fb-aeaa-45f3-ab19-571b45fef9b0,timeout,customer,2025-02-04 20:57:02 UTC
31c45a75-1b73-4195-b88d-20e2d03d3c0b,305d7351-c186-498f-8849-4238bd764983,timeout,merchant,2025-02-20 15:50:53 UTC
033650cd-565c-4e3d-b091-8ffced5652a8,bc630fa1-44e3-464b-a4ab-29cee03ed7e4,customer_cancelled,customer,2025-01-26 01:21:30 UTC
b46d92db-4927-40b4-9ddb-64514b118d9e,1e2c0390-44a3-4ac6-8527-88f4e392c0d6,customer_cancelled,system,2025-02-10 07:06:54 UTC
249f02d6-4dc2-4d76-bd77-9bed13773482,5628c590-7fd7-45c8-9d0a-d3b919e5e2d7,merchant_cancelled,customer,2025-02-06 22:31:30 UTC
868010d0-fe8e-40f1-aef7-ba3a7a60ac0a,db7fc94d-b523-4cc1-890e-b2a6cc77a510,timeout,system,2025-02-13 19:25:32 UTC
1d359a77-8736-4a4a-b43d-9053fdc6eaf1,ef152e52-430b-41a7-a5d5-60805a8438e4,merchant_cancelled,customer,2025-01-18 09:49:14 UTC
0f6218bf-f555-402c-9d1c-7e56f2047ad7,6e252be4-413f-46bd-9bcf-469d98161b38,merchant_cancelled,system,2025-01-17 21:05:12 UTC
02d53d49-f3b8-4e4f-af36-08706ebacc15,917de49d-7392-46d3-94b3-b5bcf26b2246,merchant_cancelled,system,2025-02-06 11:03:41 UTC
35df768b-f846-4e74-8057-47972fec49f0,890203df-954c-45c3-b05e-3e02498a01ad,merchant_cancelled,merchant,2025-02-10 22:05:04 UTC
3898f9c6-acf9-4137-b48f-65233ae4a8e8,49e60d2f-77ea-4c8a-ad83-fc9c5f6347c5,customer_cancelled,customer,2025-02-13 05:59:46 UTC
6fe66cc8-6fc7-4307-8dbe-0325ea9c8e94,019cb833-73c7-4cc1-8e0d-cfd13f2944e3,merchant_cancelled,merchant,2025-01-07 20:57:04 UTC
658aa6a6-b598-46e0-b5ed-32ed98427da2,42e3da73-700b-41d0-ae3c-1023cfcb4532,merchant_cancelled,customer,2025-02-24 02:23:40 UTC
086dd9fd-46f1-4249-bd14-b267fd9aa5e3,3f868b59-abf1-434c-896c-96e018a6425b,customer_cancelled,system,2025-02-27 05:48:45 UTC
10541c22-4356-4f4b-973e-12a91ec23e8b,7fdbc148-aeb7-4c1e-8b85-63d7cf4dad52,customer_cancelled,merchant,2025-01-03 07:20:02 UTC
1cc28339-998e-473e-9f18-d79aabe7702e,41c6cdba-10a0-4e53-820b-8ec2d72e9b1a,customer_cancelled,system,2025-02-24 15:25:17 UTC
4c468a6a-7128-4196-a664-76804162eda0,1fe18ffb-3b3a-4507-a562-aa9f58408dd0,customer_cancelled,system,2025-02-16 12:59:01 UTC
26e9981b-be08-420c-bccf-e29557b5ee45,d9951572-90fa-4871-8627-d7563b9de4d9,timeout,customer,2025-02-04 05:09:59 UTC
f49ed07b-8a17-4ffe-a9b4-bc7c13bdc8cc,0a3f4f8b-e913-4d80-a75d-96b39e359e52,merchant_cancelled,customer,2025-01-10 08:11:20 UTC
74add268-e1e2-4bf3-b9a8-1fbe521dc531,17e9f795-6caa-4dcd-8028-7970671a6e79,customer_cancelled,system,2025-02-03 16:03:27 UTC
bd624a6f-3d6a-412c-b4ad-b70defe6f8e4,eb10263d-1f9e-4052-aed5-54c292dd63b0,customer_cancelled,customer,2025-01-12 13:29:50 UTC
1757e922-3dc6-49f7-9e5e-590ff21d78f1,620733fd-b6a1-4bfa-a61e-fde198d0d839,merchant_cancelled,customer,2025-01-11 05:25:22 UTC
670649c3-6687-43b1-ba9e-66d9ef7c5774,650f089b-f4e9-4f4c-a3d9-90d8660d7731,merchant_cancelled,customer,2025-02-15 07:57:04 UTC
1c7c37ba-defc-44f1-81b6-f08724c5ca17,69c604bf-1f93-41a2-8583-9274d25f51a6,customer_cancelled,merchant,2025-02-06 12:12:38 UTC
04df2c60-f7de-4676-99c4-a06267f7fbb2,a44a5296-a43b-4a62-b275-ea82de9de2ec,customer_cancelled,system,2025-02-05 01:30:41 UTC
b76892ef-f9e2-4a7e-883d-c1ff114d41c8,3817e689-22ab-49de-8be0-e176a4ee1d8c,timeout,customer,2025-02-13 19:15:48 UTC
6774471d-d3fb-435e-8fc9-b8eeccee98a9,7c53dea5-af53-4c93-a00b-3dacfd3a446b,timeout,system,2025-03-01 15:38:38 UTC
e4266845-678f-4214-b43c-56c25eb4b79c,87dd6f76-170e-4d4f-ab9f-4d5789609f26,timeout,customer,2025-01-09 00:54:50 UTC
7d01c38f-44d9-4758-8e36-f3dd875291d0,8dd2d551-d363-451f-aabd-f59d30cc6737,timeout,system,2025-01-10 21:08:16 UTC
812f81a2-32f0-4ad6-922d-f74862301d5c,81d31214-ecf8-4316-9740-7185456fdab2,merchant_cancelled,merchant,2025-01-21 18:44:37 UTC
6e87debf-0942-4865-ae3f-387812f70f66,4272d1a5-c1d1-4536-af27-6005765db46e,customer_cancelled,customer,2025-02-10 13:38:20 UTC
1e7fb277-d5c7-4fb7-948a-fa537cd3c153,ecaf6ea1-8ed4-4c22-bc1c-3f42f02828b1,merchant_cancelled,merchant,2025-01-30 01:40:51 UTC
6dac935f-c7d1-4c02-980e-d4064979782f,f8f45c46-f733-4250-ab69-8d21746ede37,customer_cancelled,system,2025-01-16 19:12:10 UTC
c63627ee-afba-42da-abd4-dd60b70ba4a9,48870caa-8ed6-4e36-a256-ae2123a2654c,timeout,customer,2025-01-12 15:53:51 UTC
bd7969f6-2f1b-4c26-a9cb-06d9d15dbd2e,3585b27d-14ab-4e62-b825-9f06e42b4c98,timeout,customer,2025-01-16 10:38:16 UTC
75e1dbc4-498c-4070-b109-c09f539fd107,e1715686-9264-411b-884a-b620af493fba,timeout,customer,2025-01-18 16:26:11 UTC
86b0a20c-ab2f-4ee3-b266-5a6712e2612d,ee23779a-a9ae-4c84-9d22-2c8b5a713e88,timeout,system,2025-01-11 21:15:33 UTC
6faf37e7-3f6b-48af-bf72-9781ad624358,32c26b37-6d89-450a-b4b4-4fd0ba42d3e5,timeout,system,2025-02-24 04:15:09 UTC
2caed1fe-0813-4cf4-8a62-05d3357d1aad,d034be14-d871-402e-8bec-3e5be8d7a7ad,timeout,merchant,2025-02-12 06:07:06 UTC
d7055847-9827-41bf-98f7-ca001c3e6643,e2ccc9ba-d5e0-4260-ac8d-2c7a9e4f53dd,customer_cancelled,customer,2025-02-17 05:55:46 UTC
4fdd072a-e061-466a-92d3-67cb88e08856,1fb3d2da-a705-4f02-8174-c912ad6ec17a,timeout,customer,2025-01-17 03:40:34 UTC
43fc2d0f-c67f-4e07-b130-ec175cb82f62,8c5012f4-1dd7-4df3-99e2-15887bc8caf2,merchant_cancelled,customer,2025-01-01 05:24:23 UTC
d28c7a15-41d4-485c-992c-03fa47a51eac,ce41c9c2-ab48-4283-87f1-e71b4329ae88,timeout,customer,2025-01-12 15:17:44 UTC
7c6988ce-c49a-4810-99ba-748dcfaec262,992be0be-e5ab-4536-93e5-4f3209242572,merchant_cancelled,merchant,2025-01-24 13:42:48 UTC
91c31523-8d3e-46fd-8366-193facc08591,cc70447f-f6b2-4694-9a6e-ddb3d25badf4,merchant_cancelled,system,2025-01-23 07:24:55 UTC
db2161e0-5538-4859-8263-3d477a48464c,07e9805e-f8b4-4f3b-8b2c-e7d80a7b0024,merchant_cancelled,customer,2025-01-31 22:50:19 UTC
2c331963-1fe4-44e9-8d71-8a050f954f91,93da0f69-1332-471b-8f8b-94949db884b6,merchant_cancelled,customer,2025-02-27 16:01:58 UTC
1197cda8-4946-4bcf-a5bf-2005496f6af1,ff6c2823-a7ef-4563-bf02-3b8db958e9f3,timeout,system,2025-01-18 11:39:10 UTC
541f272b-5417-4a49-b361-de19e0dba878,6bff08ee-a254-480d-abb8-09009cafcfd3,timeout,customer,2025-01-08 19:09:14 UTC
349372bf-d36e-412f-87b5-78ca1d4e30c6,15c65d56-9417-4151-8bea-e53290416c8b,merchant_cancelled,system,2025-02-13 20:00:20 UTC
17f1166c-95a2-4711-b1ed-10fb43ebda67,8608dd83-ebe7-408a-b6fa-a05f02a67deb,customer_cancelled,system,2025-01-03 12:02:47 UTC
d9c57d2f-50d4-43a7-9109-20c38b620e37,ac4ea7d7-74d8-4388-9c87-62fc10b07069,timeout,system,2025-02-27 12:25:03 UTC
9f4e43df-15c6-4e48-9df2-fe225e30d176,7a007d82-ff8c-43d4-8d8b-6fcc166c5188,customer_cancelled,merchant,2025-02-13 17:14:01 UTC
a9c0c8d9-b900-4325-b76b-c06928a9c6db,ad2463c6-35d3-47e3-96b2-8d8e5e92e851,customer_cancelled,customer,2025-02-13 19:45:32 UTC
b712eba7-f60d-4e24-b3bd-788c477b22b0,37c8420c-1442-40d8-afeb-91eebcfb8a3c,customer_cancelled,merchant,2025-01-17 11:40:19 UTC
98171c5c-1340-4324-bb14-3a09ba2b4c00,7d026a43-f55f-4bcd-996e-f7ab4ef97465,timeout,customer,2025-02-07 13:28:55 UTC
16df1409-8587-4e11-88c0-da73451805b1,8bbe76ed-af32-437c-ae0d-d6927884a9c6,customer_cancelled,merchant,2025-01-09 21:00:16 UTC
0a52fa52-d54c-4480-966f-2ade11fc3ac3,1cde5363-7eac-42f0-a7df-4777fa522929,customer_cancelled,customer,2025-01-02 14:43:16 UTC
f7eb98ea-58e1-4a7e-8551-ebbf09a8efad,48ac6ce9-8890-4a98-8950-e8cec2080ce7,customer_cancelled,customer,2025-02-04 04:34:59 UTC
01686c31-a705-43e8-a7c3-92bb801a6624,84d6d328-6183-4721-bc3f-01ca9172b935,timeout,merchant,2025-01-03 07:59:05 UTC
b9e71a11-7f79-4012-9279-b1e07cb96e89,1dd31874-1689-4cb8-9a15-2af261c7c0f4,merchant_cancelled,customer,2025-03-01 20:03:07 UTC
fc19ded8-b36e-48e0-b44f-783876474548,d21fb836-47bc-46cc-9617-544d67dd0495,merchant_cancelled,system,2025-01-19 02:55:54 UTC
c413ed38-6e8b-420a-b047-bf3f5980f558,2489167f-226d-4fb3-bab1-22bc069ef123,customer_cancelled,system,2025-01-16 15:52:00 UTC
5c39fbe0-ff82-4e17-b3c1-c7542a51b7b3,3f490f74-0fa0-4961-8e5c-cdc56dbddaea,merchant_cancelled,merchant,2025-01-22 13:32:23 UTC
93625b9f-9432-4f4d-8f80-6a21f2d69c74,c5262376-e399-465c-8584-b9a2f5358565,customer_cancelled,system,2025-01-14 01:14:30 UTC
33444157-1c58-4c47-9d2e-51cbcdb7c183,7f46296f-57e4-42d6-9c97-9c3ab9ced5d9,customer_cancelled,system,2025-02-12 13:43:41 UTC
06e02924-0f65-4f1e-bdad-5bea1ae3cfc8,e0c48a55-770f-4864-b947-cede3a75ea67,merchant_cancelled,merchant,2025-01-02 10:18:30 UTC
f26b4162-de04-46b3-add5-2e65b457d531,7431e4af-da13-4b1a-a958-bd2c9944a962,timeout,system,2025-01-09 03:40:22 UTC
9b85f12b-d458-49bf-81ca-b9f7702473b9,c2c117f4-f15c-438a-956a-b7cf2cb4c07e,customer_cancelled,customer,2025-01-20 09:04:49 UTC
c1891b73-d039-484b-a649-46181558a97d,8d9869a4-9b26-4e00-916a-dacbe510686e,customer_cancelled,merchant,2025-02-06 01:30:41 UTC
3d537b6a-bf9a-4a23-8e66-cac0dbd356f5,d5de2064-1b5e-4de2-8f79-587b39e792ec,customer_cancelled,merchant,2025-01-27 00:28:22 UTC
b0179bfb-c0de-4be0-b132-227dc2637a89,7f49ee4d-954e-4f8c-8fb6-fd0432d3b44b,customer_cancelled,system,2025-01-15 20:42:03 UTC
aea42765-f966-4c5d-a03d-22e47717d8a9,80ba89cd-5274-4f42-b7bd-3d7aab857574,customer_cancelled,customer,2025-01-03 03:55:59 UTC
19021c4f-27f5-48aa-827d-3a816b1f7152,83f7b342-fa6c-42de-8526-6554c03d72c7,merchant_cancelled,customer,2025-01-05 09:36:41 UTC
ce468668-7065-4ad8-ad15-cabb0df226fd,89a8d28f-1013-4040-9e87-e379b18c0336,merchant_cancelled,merchant,2025-02-24 00:54:45 UTC
2f022ca4-24f9-4470-8eb0-feb83ab9b327,192d62eb-c30e-427c-81f3-22547290b5d0,merchant_cancelled,system,2025-02-01 16:16:55 UTC
6a67f4bb-76a9-4416-900a-b6c8b47ffb57,c321719c-86a0-492e-be71-23dfa897dd91,customer_cancelled,customer,2025-01-27 07:05:32 UTC
488d05a7-7ffb-40f6-85d8-52d0674733b9,c781fab1-8592-41f2-b312-919cba7c71ab,merchant_cancelled,system,2025-01-04 15:22:06 UTC
3a13f937-4a6a-4d3f-858e-6a427d9a1b04,0832a9b1-0fbb-4648-869d-6ba467562862,timeout,customer,2025-01-10 14:02:34 UTC
c20be8ff-9288-45d6-bfa6-ad08e540ad1c,47aeba5a-e8a7-499c-8035-4d8dbb71d976,merchant_cancelled,merchant,2025-02-27 06:05:11 UTC
af2231ef-357a-4082-95ae-6ed1ad748463,870951ca-f98d-425c-aa0b-f41fb053b378,timeout,customer,2025-02-23 07:13:31 UTC
482d3fac-370c-4036-81b9-cb1879710358,d1a39d34-b62b-4b50-a179-e4bd9c7fa3d8,merchant_cancelled,merchant,2025-02-25 19:53:56 UTC
07dc9562-92bc-434c-a9f4-7716be96bc76,d1252fd9-f94a-40c1-bd60-19a88d5b1a3a,timeout,system,2025-01-02 07:16:31 UTC
d02aae63-ce94-4bd8-94d6-d425814c7cb7,e3fe1335-976d-438e-84a0-3435a7705ef8,merchant_cancelled,system,2025-01-05 08:41:08 UTC
9a79fdbd-dcda-4174-9886-d276e01f7520,913202da-58ef-4ba0-90b2-4fe8e196c101,timeout,system,2025-01-17 16:30:51 UTC
592c0bee-ef68-418b-a391-c63210e30918,a9bf2935-fc79-4839-9cb2-6f358694acbc,merchant_cancelled,merchant,2025-02-05 09:25:24 UTC
17e1ad28-2263-4fdc-a769-27f461270290,c731e069-f4ce-429e-9ada-f59f6a414163,customer_cancelled,system,2025-01-15 13:21:21 UTC
92495636-9f13-4e2e-98fd-75c2f751a4f7,87af71f5-06f6-404e-9b02-c2c6b6d92477,merchant_cancelled,system,2025-02-08 01:05:43 UTC
48779bb6-f192-4125-9c88-6d2f2a1473f9,66727123-7c51-44b6-8133-fb541a4f3bb4,customer_cancelled,customer,2025-01-30 18:26:20 UTC
b1f67ba5-0fdf-4602-94ed-2111bbf7ec4f,84cada9b-0e7c-4468-9fa8-fd4c7ef98071,customer_cancelled,system,2025-01-05 15:25:45 UTC
9792939a-6ca2-4677-8f54-bfdae3487bb0,e40ed08a-c23c-4541-8887-f112e0bd9ff2,customer_cancelled,system,2025-02-10 20:29:56 UTC
cae8163a-60bb-486f-9c71-4c2427fc258f,a96ff2b9-37b2-44bc-97cc-e2dec3f83725,merchant_cancelled,merchant,2025-01-22 10:41:33 UTC
717b6587-f083-4099-a525-4a8f24c38a94,f0582cf3-c605-4034-a721-15adbba4935e,customer_cancelled,customer,2025-02-26 23:11:20 UTC
12db3d19-1944-43f9-a76a-cfeb9c1e3e23,83cb4345-d568-49f0-a20d-5c3a5098ae30,timeout,merchant,2025-02-11 11:13:39 UTC
6f3b1024-4a3c-4b27-b02c-844b54ac8be2,93f00d95-5a6b-4f50-8e4e-4adc2060beba,timeout,system,2025-01-19 00:50:16 UTC
2e84382c-fb75-4d80-87bf-fc331efdff82,b394c698-5d1a-4362-b0b5-94410c77b7bb,timeout,customer,2025-02-03 16:49:28 UTC
f703b109-c201-4034-986f-dfecc4612111,935b17dc-3048-40e0-b1b2-bb6d0ad642c4,merchant_cancelled,customer,2025-02-11 00:36:24 UTC
a6488571-7c85-4f00-98f3-4381ec5f3536,0d2cc7d0-3cf8-4d7b-9800-c0af954a34d4,merchant_cancelled,customer,2025-02-13 13:33:03 UTC
5a34468f-df9d-4c2a-9e15-bc5ed694f2b6,a803e63b-a920-4160-a8e6-1efb310ea24a,timeout,system,2025-01-03 01:18:22 UTC
2b51b52a-a79a-45f2-9b0a-a58b0900c3a4,5abe3295-f101-4195-a919-ab7dcd2420e2,merchant_cancelled,merchant,2025-03-01 03:40:40 UTC
50787318-b736-48fa-b500-96229d679955,dd846db0-5adb-4b36-aa9d-9e227f0c0dca,timeout,system,2025-01-28 01:34:19 UTC
62a21fcb-c586-452c-84d7-b2ffb2e3ea2f,1b4d0016-237b-429e-b42b-d1f6efa53acc,merchant_cancelled,system,2025-01-31 23:03:35 UTC
ab5f8c0b-d81f-4445-968b-f08814002485,6c35bed5-9beb-4203-945a-ca4a82425595,timeout,customer,2025-01-18 00:10:48 UTC
b38e1705-2082-4119-8aff-cf257c664876,1b07e9ae-1303-41ae-b64e-0d69f765a2c1,timeout,merchant,2025-02-09 09:00:03 UTC
e546e22d-b9f9-4c80-973f-17468b0bc59a,26501d79-5599-45c9-a479-d599fd5accad,merchant_cancelled,customer,2025-01-09 15:38:47 UTC
4526e967-4677-4abe-8508-6ab330d2e83f,3103766d-4ec1-47f3-aeb7-3a9846335f0b,timeout,customer,2025-01-14 20:42:34 UTC
9398b17e-e72d-4ae2-947f-0f000daddf3d,a91d60f1-63e8-41cc-bb6b-03341b48725c,merchant_cancelled,customer,2025-01-13 13:21:25 UTC
9e24b780-96cd-4e70-b0c2-4559f7f6374b,a7cc426b-0dab-413a-bf76-74e50314d921,timeout,system,2025-02-10 01:18:10 UTC
d02efac6-d52c-4ddc-bf7c-c24ae875e63e,a7fb74eb-bd20-413f-b53f-ed547fb72172,merchant_cancelled,merchant,2025-01-17 08:59:47 UTC
7d03d12f-d254-440c-b530-66a4b3441c30,1cbbf207-2dc6-4961-8c2e-6756a802d2e8,customer_cancelled,merchant,2025-01-14 11:39:30 UTC
34001ffa-a535-4b35-873e-417b429ee550,b71bae9c-cff5-4a85-a2ba-c8b2a8425975,customer_cancelled,merchant,2025-01-20 12:35:03 UTC
a48f5635-3b8f-41f2-a517-3679ffb45a23,4bc33374-cc3a-48c5-a73c-0ea13e9492a9,customer_cancelled,customer,2025-01-27 05:07:46 UTC
acbc51cf-75b9-46b9-bee2-f00eb8235f6a,cbd9fc34-7732-415b-a3da-cab95ec8d1ad,timeout,merchant,2025-02-28 02:38:17 UTC
70f5915f-d3b5-44b3-a738-3791a343edd9,a172c672-da63-4e6e-b0c2-70e87f6f6028,merchant_cancelled,system,2025-01-18 18:19:34 UTC
5a534b2d-ec1e-464b-8c96-61e5bfee23c7,f6a27f85-b775-46a3-bd4b-bbca4d01e3ed,customer_cancelled,customer,2025-01-09 16:17:25 UTC
ad62cef1-8477-49d6-afa2-ae452371b6df,30fe8d7b-2c51-43da-8306-c8d8181d34e4,merchant_cancelled,merchant,2025-02-24 05:51:36 UTC
436dc5ed-eab4-4328-83bd-e0c726ca8f34,ea9e7035-4ad6-4329-ba35-544da04f2cd3,merchant_cancelled,merchant,2025-01-04 05:32:39 UTC
73830ada-0393-469b-bf13-b869d71db2a3,9ca5d061-7c1e-48da-8644-15795d8a8e11,timeout,merchant,2025-01-14 03:56:04 UTC
aa2fd599-cd08-4a46-8e97-b1d3ef2de7b2,4e3b30e7-5443-4c59-8195-1f7db1633486,customer_cancelled,customer,2025-02-17 03:17:21 UTC
461dcb36-305a-4f18-83b2-3b585fff9270,5b18a0f8-131f-46b0-be84-d93e267088ea,timeout,system,2025-02-12 19:22:32 UTC
11d07208-a424-4272-bcdd-67f0c67c2e1b,894432ac-ad4b-49e3-b6bf-e242025f034d,merchant_cancelled,customer,2025-01-10 00:02:19 UTC
d9e8d939-934f-4bb1-9876-08e132a79198,9a9f57bb-e8ee-45de-bc79-ad1eea3e2bcf,customer_cancelled,system,2025-01-27 13:16:38 UTC
25efe7ca-0f23-47b6-b56e-b15cab0042f3,01eea1a0-db49-4ff2-94c2-243f59e5b439,merchant_cancelled,system,2025-01-03 05:39:28 UTC
22581e23-48a0-419e-b1c0-880cf5ab8b23,f9972d0a-25d2-4f4f-9de8-15d5e6da7188,timeout,system,2025-01-29 20:52:36 UTC
a27a5c34-dc4f-4c1a-b57b-b969a0dd1aea,b25bc8fc-8f22-4540-abbe-b5824b69d0be,merchant_cancelled,customer,2025-02-28 16:03:52 UTC
5282e06b-fe94-4f63-8d51-fccd6195919f,fd289416-70cf-4474-a602-35762cdd0247,merchant_cancelled,merchant,2025-02-07 21:37:38 UTC
28400e8f-2a24-46c2-9046-2c64fb34cb03,20a65ac4-4588-4c3c-8ef1-c0fbf0735ae7,merchant_cancelled,merchant,2025-01-15 16:54:04 UTC
8797fa36-cf02-47ec-bf5b-3e6b2fbddd5f,7014dc20-e432-4694-b926-1b20604f6d57,merchant_cancelled,merchant,2025-02-06 09:39:52 UTC
37c3dbbc-72f0-4d16-a7e2-cb45c65de612,4fdff8a0-d8cf-494c-b51e-469a73307bc2,merchant_cancelled,merchant,2025-02-02 01:20:31 UTC
90750f37-0aeb-49b7-a889-f5bf94128e11,e5393eec-603e-4865-aea5-981392caa143,merchant_cancelled,customer,2025-01-07 02:01:33 UTC
5a9d0885-7c5f-49e9-99bb-b0ff0d8b29db,63a5b8b9-621d-4d9d-95cf-3050d27e99c0,timeout,merchant,2025-02-10 18:03:43 UTC
c2a6e005-cec1-4ba3-9422-b778f445b388,8e2454d1-41fa-41c5-8c13-0ea531773df3,merchant_cancelled,customer,2025-02-16 05:07:44 UTC
75ffad0d-3851-497d-86bb-80e6f6014b77,957e52dd-181a-409f-adba-d318be4d51d5,timeout,merchant,2025-01-10 10:14:40 UTC
b61f5e78-ffb8-42ef-988a-09aca7ebf844,1c8227b1-9204-436b-8e00-4e5a38044cee,timeout,system,2025-01-04 04:09:56 UTC
c7867969-830f-4818-8b54-961633c43c88,e9b86f04-9c24-4717-9051-243cad121da0,merchant_cancelled,system,2025-02-25 09:51:00 UTC
74995b88-0dd9-43e4-bb90-73492f5c8706,bcad0877-8f4a-46e4-98fd-3d7c8a0aac8c,timeout,merchant,2025-02-25 00:21:42 UTC
31ce5fa0-a0f1-4803-a05a-72e0a12d9e35,3463587d-2f7a-4c59-b014-35f8f7b318a4,timeout,system,2025-02-24 01:52:01 UTC
1296b769-2d9d-4b16-b369-c3b6dbe8bf21,527cede7-f052-43eb-99d0-4e0aa006286e,customer_cancelled,customer,2025-01-07 13:26:17 UTC
3738bd03-0ead-4655-8d5a-e7ef1ee977de,66ad9bbf-96a7-4fce-8bea-21e8d4c3863b,merchant_cancelled,customer,2025-02-21 20:35:55 UTC
614d5230-46a6-4ba8-a5b8-1fdb38a02ab4,955778b2-8a90-420c-90cd-e23c9e48d987,merchant_cancelled,customer,2025-02-25 21:48:07 UTC
98f52bd9-b59d-4523-b22d-8db6cfee8af6,2fb6f724-c14d-4800-a311-7a724c21af7a,merchant_cancelled,customer,2025-01-31 16:45:30 UTC
d98340d2-eb8d-414e-96da-c786792d1eaf,d6de36aa-0657-4718-a0bf-7f5052638370,customer_cancelled,customer,2025-02-07 03:28:18 UTC
d8f8b45a-a731-4c77-9bc0-fb22184ae272,28f6139a-d6e1-43e1-b3b6-fcedf4d24d2b,customer_cancelled,merchant,2025-02-15 03:16:32 UTC
3d39ffc1-01b0-4a9c-9b3e-eaad573e49ae,d574f4f6-a040-4c29-8c7f-d84ad232d7f3,customer_cancelled,system,2025-01-11 04:39:52 UTC
8092723d-c679-4987-8693-8868894aba24,5cdf5004-cb3c-45d9-879a-3cf9e632945f,customer_cancelled,customer,2025-01-04 08:05:59 UTC
37befdce-f24c-486b-9934-1be508565405,3848c3dd-1ee3-4361-acca-be75bf348b63,merchant_cancelled,merchant,2025-01-09 12:45:34 UTC
febf5b61-a518-466f-87af-7153891adde6,4f522b4b-f92b-4a42-970f-696d985777b7,timeout,customer,2025-01-18 02:35:53 UTC
cb55c918-168f-4627-ba60-7eef51e575d6,29d6ade7-1fc7-4382-b767-86ae9eb1afa4,merchant_cancelled,system,2025-03-01 10:59:13 UTC
019b526b-c763-4850-b73e-45c6d6a4e030,07a1234c-e015-4fed-8fd8-1af602cc5efe,customer_cancelled,customer,2025-01-01 04:13:31 UTC
26944022-9266-49a0-8c96-0869de4f135e,dff838c3-58c6-4225-8a0c-058b582e78b9,timeout,merchant,2025-02-04 23:03:03 UTC
a75c4ddd-6550-4367-8a7b-68a0adb05d32,aefd79f5-9e92-4658-8a8e-3706a58b4a19,timeout,merchant,2025-02-10 00:37:51 UTC
70a2ed4e-268e-4ac2-864a-2b1b345164ac,e83ffaeb-5787-49eb-8657-4f3e25c1b95e,customer_cancelled,merchant,2025-01-17 03:36:15 UTC
586d7c1f-40b0-4c05-a129-1da0b6e6a03c,10b7c57e-f49d-4e75-9ecd-f1d09677b6fd,customer_cancelled,merchant,2025-02-01 05:52:52 UTC
12af59fb-ff87-4c05-baaf-1c1b9e30da71,e8594699-133c-4df6-9224-0ae79b74d446,merchant_cancelled,merchant,2025-01-29 15:10:36 UTC
a9771d91-926f-4bcb-aa89-160a799fb1c2,6049a97a-b4b1-4efd-9e4c-837914d4ff49,customer_cancelled,customer,2025-01-04 20:17:52 UTC
b9b6e894-654d-41c0-9b49-e4ae26459b89,b13d8ea5-24f2-4339-b9d5-866b57725bdf,timeout,merchant,2025-02-05 22:05:32 UTC
09cd8050-8c48-40b5-98a1-c65d5f5d7d98,037af44a-f07b-4f6c-87b4-966c2bdc41e0,customer_cancelled,merchant,2025-02-12 05:57:24 UTC
467d412c-4d7e-4403-b5f1-1ade5b39101e,2678537b-e04d-4201-9ff1-923e7075093e,timeout,merchant,2025-02-01 21:28:41 UTC
d6c58b50-f7d9-45ac-af21-10b22ccbedc6,9cdb6fff-2954-4995-b9aa-4a9633758461,customer_cancelled,system,2025-02-25 23:05:19 UTC
08f832f7-c475-497f-906b-f24443834d99,dd1c447d-fb22-4b30-919c-5b5a771a9b78,customer_cancelled,system,2025-02-02 01:50:16 UTC
7159b913-6a0f-48c9-a960-5516c7da9149,3ab6dffe-3d88-4fc0-9f28-d4407a462144,merchant_cancelled,customer,2025-02-12 21:30:00 UTC
626c7dad-6d79-41ae-803c-cae580610816,78689c95-512e-43a9-88e4-d0497e4a5a84,merchant_cancelled,customer,2025-01-06 02:19:49 UTC
2a482c26-2313-4af8-b596-bf4130ebc467,45c629fe-6f9d-4bd6-9c21-bbd750fb20d3,merchant_cancelled,customer,2025-02-17 12:20:19 UTC
11902e59-eeb0-431f-b7c7-659997ce5bb9,57fade5b-5bd2-4cd5-89c0-dc95d241b1cf,customer_cancelled,customer,2025-02-01 05:06:26 UTC
903a3b69-ad5b-47e2-8eb9-1dd900dde97e,a76881e6-31d9-4bb6-aeed-c0cb9f990454,timeout,merchant,2025-01-08 04:09:43 UTC
767918b5-f7fc-4907-bf2c-77fe02fc73a4,4516c908-10c6-41cb-bb61-18636104d5c7,customer_cancelled,customer,2025-02-11 21:35:21 UTC
aaf98c13-2089-4cb2-a0d9-b571fe109146,08b010e7-2c92-43f0-9d8d-5840bf9f15a9,timeout,merchant,2025-01-29 03:55:44 UTC
3ef4b79d-2c37-48be-9b5b-b0b35040f89f,9a52f5cf-3e0f-4eda-8e2a-105d3907be5b,customer_cancelled,merchant,2025-01-14 06:50:41 UTC
f1ed244a-1871-4be3-9c71-f2208d011532,d6a64aff-c0d0-44c6-bed7-55072cc84fb8,timeout,customer,2025-02-07 09:52:57 UTC
6f277418-f8a1-48fe-bd88-aec11a851108,b895c541-7f98-4e13-89e4-d45d5d082bc2,customer_cancelled,customer,2025-01-12 03:01:18 UTC
7a0d511c-67c4-43e2-9aaf-b883652355ea,3eea2642-b532-4c99-9498-38d6c01ba6a6,merchant_cancelled,system,2025-01-07 15:42:53 UTC
ed59bdd1-131b-4519-83fa-84fde1283d1f,f2aee1b3-3f25-4a1c-98c8-ef36fc68b9b3,customer_cancelled,merchant,2025-02-12 22:08:46 UTC
a6352ec4-1f79-4cb7-9b30-0549b6581bdd,9a7de08b-7528-4a21-8bc9-f70a66bf0192,merchant_cancelled,system,2025-02-24 04:40:52 UTC
774e1b99-5144-43f0-b57f-189f0e52cd01,115e2a09-df0d-4cb7-b353-9d6576dbc6fe,merchant_cancelled,customer,2025-01-11 13:29:34 UTC
5b49ca62-9d2f-4c6a-b119-8ca512f6751c,db23c57e-fa14-479b-b29b-649dfad91108,timeout,merchant,2025-02-16 05:43:50 UTC
3938b454-1df1-4bf3-a631-a51bf2ddbbb5,6fa1b866-e5a7-4e5a-9e24-e94d764b86dd,merchant_cancelled,merchant,2025-01-13 12:24:31 UTC
2d2246aa-9e6e-4afa-ac8c-59d68bb17f41,12f6e4fc-37d4-44b9-8033-9d465ce82b82,timeout,system,2025-01-05 19:01:28 UTC
d488918c-fa3b-41e5-b3fd-d8265851cad7,a4166965-aa3f-4769-ae4d-6689a40dcdf8,merchant_cancelled,merchant,2025-02-20 12:16:08 UTC
5eef4318-daf1-4af7-b210-ff990f30bbcb,c3d057bd-af94-49c7-9aae-3b724329faf0,timeout,system,2025-01-04 08:03:54 UTC
595cc8c4-bce9-44d6-b053-7ca64c97da6e,89a129e3-cfa4-4380-a048-d12295dbb411,customer_cancelled,merchant,2025-02-07 20:47:41 UTC
6c3d5dd3-c7e9-4d25-9b6a-c95bb3f4b4f3,c7aa54d7-ab8f-4065-a3f6-705b5ef265e8,merchant_cancelled,customer,2025-02-11 17:34:35 UTC
7aa4f04b-9ced-4246-897a-ca98713dd3e5,e90f3319-f6bb-4c34-ab09-f4d5282399a9,timeout,system,2025-01-10 10:23:54 UTC
6992b04d-8315-416b-85ca-74426fd0a353,90ae2bcc-956d-477f-a58a-c156b56e0514,timeout,merchant,2025-02-04 21:08:35 UTC
2415b337-ae6a-4477-a627-590d44aaf5d2,7a5e0531-9d56-434a-a7bc-2d832ca8785a,timeout,merchant,2025-01-22 02:53:29 UTC
99f64cbf-ccd0-4979-ba81-5536c65a734f,dcaa0ec3-6ef5-4a34-a77e-6fe63b2f95d4,merchant_cancelled,system,2025-02-01 16:53:23 UTC
b3c8c72d-66a2-4c05-b2ba-4316fbec3371,505bd221-a931-458f-8743-033ec6069b38,customer_cancelled,customer,2025-02-08 14:29:37 UTC
5ae726a2-1282-48b8-8202-fa24101e3fc6,d3426df5-537e-4843-992a-20f2ca275fa7,merchant_cancelled,system,2025-01-04 11:48:03 UTC
a879ae8a-0787-46e9-aa54-1fbb54416bc6,49020587-8dc1-43c7-aa51-0b296f156e10,customer_cancelled,merchant,2025-02-18 08:59:33 UTC
5853b573-462e-4214-b9e1-c3dff51a6bf3,9e7e28b4-4ebe-4290-a664-0e6c5f2a8e44,timeout,customer,2025-01-19 17:13:19 UTC
c741fd78-4416-4aec-b107-f1a07f3ad347,6fbffe0e-3748-4856-bc1f-0e4562357ab1,merchant_cancelled,system,2025-02-03 06:34:34 UTC
c3c58654-944f-450e-8615-c74894c142c9,06cc9b80-ebe0-4f0c-b964-b6eb922d1172,merchant_cancelled,system,2025-01-04 19:48:02 UTC
40da20c8-340f-47fd-af2b-9e485ecdb0ef,681ab6ed-38fd-4434-87e0-cfe74123c645,merchant_cancelled,merchant,2025-02-22 19:51:58 UTC
30b2fca5-3d30-4a38-bd8b-e49c229dcccd,46649890-231c-4e69-87df-071a42575321,merchant_cancelled,merchant,2025-01-22 20:20:54 UTC
c0c1755e-8815-423b-bcf3-bfc8f7a7332f,a1ed3bfe-2265-4b37-88a0-a705619a22d8,customer_cancelled,system,2025-01-24 03:05:10 UTC
986a7699-c682-42e8-8320-e8b5c594f5b6,e262c53b-44e8-4da9-920c-196d2b509278,merchant_cancelled,system,2025-02-01 04:55:11 UTC
65964d65-3024-4df8-baa3-ab3480b4bdfa,58d6c95a-1623-4c75-b9c7-4560e18aa855,timeout,merchant,2025-01-27 10:56:35 UTC
0d44f8e3-d1d9-4187-8961-676ff905fb5b,94566268-7779-416c-927f-fda2585eebc5,timeout,merchant,2025-02-07 03:57:08 UTC
a23f7587-81b0-4f36-967b-1a6fe8551ed3,0224551b-e8e5-4a56-948c-1b87a24fecb2,timeout,system,2025-01-05 05:03:35 UTC
7ff95997-26b2-49f7-a205-fea6fe6243e0,e2805c1d-ee96-4eb1-a27f-a2194bf29af0,customer_cancelled,customer,2025-02-26 17:37:16 UTC
